address,price,type,bed,sqft,walk,transit,bike
"4031 Wilderness Falls Trl, Humble, TX 77339","$369,900",Single family residence,2 ,"2,395",53,0,47
"19410 Leafwood Ln, Houston, TX 77084","$220,000",Single family residence,3 ,"1,384",34,0,52
"13219 Liliana Glen Ln, Houston, TX 77044","$242,500",Single family residence,3 ,"1,597",8,0,26
"12806 Discipline Ave, Houston, TX 77014","$129,900",Ranch,3 ,"1,170",11,25,28
"4959 Culmore Dr, Houston, TX 77021","$345,000",Single family residence,4 ,"1,925",50,54,56
"1310 Blair St, Houston, TX 77008","$260,000",Single family residence,3 ,"1,296",75,43,60
"803 Martin Rd A, Houston, TX 77018","$449,900",Single family residence,3 ,"1,861",39,47,43
"1806 Royal Fern Ct, Houston, TX 77062","$1,089,500",Single family residence,5 ,"5,456",24,0,44
"5850 Petty St, Houston, TX 77007","$495,000",Single family residence,4 ,"2,611",38,39,41
"5606 Champions Glen Dr, Houston, TX 77069","$369,500",Single family residence,3 ,"2,794",16,0,30
"923 Fall Creek Dr, Huffman, TX 77336","$205,000",Single family residence,3 ,"1,250",33,N/A,35
"1000 Kirby Dr, Houston, TX 77019","$15,995,000",Single family residence,10 ,"22,880",34,46,61
"5802 Banfield Canyon Ln, Porter, TX 77365","$450,000",Single family residence,3 ,"2,676",3,N/A,32
"14818 Shottery Dr, Houston, TX 77015","$205,000",Single family residence,4 ,"1,206",33,N/A,28
"7138 Hollow Cedar Dr, Houston, TX 77049","$306,000",Single family residence,5 ,"3,159",18,0,32
"6215 Maywood Forest Dr, Houston, TX 77088","$255,000",Single family residence,3 ,"1,990",31,33,34
"4948 Leeland St, Houston, TX 77023","$429,900",Single family residence,2 ,"1,546",79,57,66
"14042 Coveney Dr, Houston, TX 77090","$300,000",Single family residence,4 ,"2,905",15,24,28
"3603 Glenwood Springs Dr, Kingwood, TX 77345","$260,000",Single family residence,4 ,"2,143",21,0,42
"3915 Daphne St, Houston, TX 77021","$157,000",Ranch,2 ,"1,300",63,49,53
"4508 Old Yale St G, Houston, TX 77018","$369,900",Single family residence,3 ,"1,574",53,47,73
"2807 Sandberry Dr, Kingwood, TX 77345","$279,000",Single family residence,3 ,"1,964",45,0,36
"306 Fellows Rd, Houston, TX 77047","$225,000",Single family residence,3 ,"2,096",20,0,31
"5506 Willowbend Blvd, Houston, TX 77096","$529,999",Single family residence,3 ,"2,270",35,34,37
"7719 Woodsman Trl, Houston, TX 77040","$220,000",Single family residence,3 ,"1,243",12,0,29
"11811 Cassia Cir, Houston, TX 77065","$475,000",Single family residence,5 ,"3,700",12,0,28
"1912 Courtney Lane Dr, Houston, TX 77042","$275,000",Single family residence,3 ,"1,471",71,35,64
"5635 Teague Rd, Houston, TX 77041","$247,000",Single family residence,3 ,"1,152",50,38,41
"1810 Lula St, Houston, TX 77009","$380,000",Single family residence,2 ,"1,060",53,53,59
"5543 Honor Dr, Houston, TX 77041","$639,900",Single family residence,4 ,"3,549",24,0,N/A
"15818 Crystal Brook Dr, Houston, TX 77068","$349,900",Single family residence,4 ,"3,174",11,0,41
"12735 Laurel Mist Way, Houston, TX 77014","$330,000",Single family residence,4 ,"3,555",9,17,N/A
"21211 Tancah Ln, Houston, TX 77073","$275,000",Single family residence,5 ,"3,096",31,27,34
"1515 Sandy Springs Rd 2605, Houston, TX 77042","$160,000",Townhouse,2 ,"1,225",58,32,57
"615 W Drew St, Houston, TX 77006","$324,500",Townhouse,2 ,"1,122",88,59,74
"2835 Hackamore Hollow Ln, Houston, TX 77014","$224,900",Townhouse,3 ,"1,683",19,27,29
"5450 Crooms St, Houston, TX 77007","$430,000",Townhouse,3 ,"2,217",73,45,45
"915 E Heights Hollow Ln, Houston, TX 77007","$350,000",Townhouse,2 ,"1,644",78,49,75
"176 Litchfield Ln, Houston, TX 77024","$399,900",Townhouse,3 ,"3,770",46,39,30
"246 Litchfield Ln, Houston, TX 77024","$330,000",Townhouse,2 ,"1,701",43,39,26
"1727 Stacy Crst, Houston, TX 77008","$399,900",Townhouse,3 ,"2,510",62,35,54
"6435 W Linpar Ct, Houston, TX 77040","$280,000",Townhouse,3 ,"2,278",40,30,36
"6633 W Airport Blvd APT 101, Houston, TX 77035","$125,000",Townhouse,2 ,"1,584",54,41,40
"2940 Meadowgrass Ln, Houston, TX 77082","$180,000",Townhouse,3 ,"1,480",36,38,40
"16800 Sugar Pine Dr APT B15, Houston, TX 77090","$139,990",Townhouse,2 ,"1,476",48,32,41
"185 Asbury St, Houston, TX 77007","$439,900",Townhouse,2 ,"2,242",69,44,37
"10000 Westview Dr 6, Houston, TX 77055","$159,900",Townhouse,2 ,"1,324",66,45,56
"7910 Grove Ridge Dr 7, Houston, TX 77061","$90,000",Townhouse,2 ,"1,122",56,46,52
"2417 Dorrington St UNIT B, Houston, TX 77030","$585,000",Townhouse,3 ,"2,710",85,65,90
"2968 Gessner Rd, Houston, TX 77080","$277,500",Townhouse,5 ,"2,888",69,40,61
"9706 Farragut St, Houston, TX 77078","$129,000",Townhouse,3 ,"1,104",3,35,29
"15151 Kimberley Ct 34, Houston, TX 77079","$350,000",Townhouse,4 ,"2,152",57,32,72
"2358 Commerce St, Houston, TX 77003","$424,900",Townhouse,3 ,"2,050",67,69,76
"1117 Buckner St, Houston, TX 77019","$369,000",Townhouse,2 ,"1,800",80,89,78
"2600 Nantucket Dr C, Houston, TX 77057","$374,900",Townhouse,3 ,"1,845",83,50,50
"3330 Las Palmas St APT 22, Houston, TX 77027","$297,000",Townhouse,2 ,"1,302",75,52,53
"1022 Enclave Sq N, Houston, TX 77077","$337,800",Townhouse,3 ,"2,033",61,32,73
"9850 Pagewood Ln APT 1808, Houston, TX 77042","$166,000",Townhouse,2 ,"1,520",59,49,53
"9123 Monarch Mist Ln, Houston, TX 77070","$283,000",Townhouse,3 ,"2,030",44,0,45
"14333 Memorial Dr APT 5, Houston, TX 77079","$220,000",Townhouse,3 ,"1,840",79,27,60
"6633 W Airport Blvd 309, Houston, TX 77035","$110,000",Townhouse,2 ,"1,305",54,41,40
"2625 Marilee Ln APT 1, Houston, TX 77057","$149,000",Townhouse,2 ,916,69,50,50
"1101 Missouri St, Houston, TX 77006","$620,000",Townhouse,3 ,"3,032",94,52,77
"7350 Kirby Dr APT 11, Houston, TX 77030","$299,000",Townhouse,2 ,"1,747",73,55,92
"2505 Bering Dr UNIT 9, Houston, TX 77057","$199,999",Townhouse,1 ,"1,116",69,49,53
"12247 Lemon Ridge Ln 122, Houston, TX 77035","$131,900",Townhouse,3 ,"1,244",50,40,41
"12625 Memorial Dr APT 56, Houston, TX 77024","$319,900",Townhouse,3 ,"1,701",53,34,50
"8320 Wild Rose St APT 15B, Houston, TX 77083","$120,000",Townhouse,2 ,"1,198",38,41,39
"5110 Eigel St, Houston, TX 77007","$475,000",Townhouse,3 ,"2,681",84,45,52
"3413 Robin Rose Ln, Houston, TX 77080","$410,000",Townhouse,3 ,"1,925",3,32,28
"1305 Mayfair Clarkson Ln, Houston, TX 77055","$485,000",Townhouse,3 ,"2,364",28,48,51
"8618 La Fonte St, Houston, TX 77024","$625,000",Townhouse,3 ,"2,772",35,60,49
"14515 Wunderlich Dr UNIT 315, Houston, TX 77069","$155,000",Townhouse,2 ,"1,331",11,26,31
"6602 Wanita Pl A, Houston, TX 77007","$1,375,000",Townhouse,4 ,"3,859",55,38,48
"234 Detering St, Houston, TX 77007","$500,000",Townhouse,3 ,"2,348",74,47,58
"4306 Center St, Houston, TX 77007","$599,000",Townhouse,4 ,"2,462",77,49,58
"13932 Hollowgreen Dr 26, Houston, TX 77082","$166,999",Townhouse,2 ,"1,254",56,32,44
"306 Fargo St, Houston, TX 77006","$429,900",Townhouse,3 ,"2,535",79,66,68
"2204 Whitney St, Houston, TX 77006","$599,000",Townhouse,3 ,"2,394",88,59,74
"1615 Prairie Mark Ln, Houston, TX 77077","$215,000",Townhouse,2 ,"1,460",25,33,56
"11201 Lynbrook Dr APT 3202, Houston, TX 77042","$170,000",Townhouse,2 ,"1,225",53,35,57
"1010 Columbus St, Houston, TX 77019","$450,000",Townhouse,2 ,"1,968",86,50,64
"12215 W Village Dr UNIT A, Houston, TX 77039","$114,900",Townhouse,2 ,"1,135",37,34,44
"2114 Stacy Gln, Houston, TX 77008","$450,000",Townhouse,4 ,"2,551",62,36,54
"4229 Purdue St APT 2, Houston, TX 77005","$550,000",Townhouse,3 ,"2,222",65,44,62
"13102 Cressida Glen Ln, Houston, TX 77072","$219,900",Townhouse,3 ,"1,729",30,44,36
"2427 Kingston St 2527, Houston, TX 77019","$545,000",Townhouse,3 ,"2,512",90,51,61
"7604 Del Monte Dr, Houston, TX 77063","$457,000",Townhouse,3 ,"2,558",72,44,49
"3238 Holly Hall St, Houston, TX 77054","$210,000",Townhouse,2 ,"1,600",19,38,44
"607 Sierra Breeze, Houston, TX 77094","$388,500",Townhouse,3 ,"2,183",26,0,42
"5507 Darling St, Houston, TX 77007","$469,500",Townhouse,3 ,"2,348",61,41,43
"26 Sugarberry Cir, Houston, TX 77024","$750,000",Townhouse,3 ,"3,137",18,33,20
"2919 Helena St, Houston, TX 77006","$438,000",Townhouse,2 ,"2,602",91,73,69
"6308 Taggart St B, Houston, TX 77007","$635,000",Townhouse,3 ,"2,656",74,41,54
"6434 Burgoyne Rd 109, Houston, TX 77057","$329,000",Townhouse,3 ,"1,804",63,48,48
"3970 Belle Park Dr 3970, Houston, TX 77072","$215,000",Townhouse,3 ,"1,664",29,27,38
"403 Roy St, Houston, TX 77007","$480,000",Townhouse,2 ,"2,032",80,48,66
"14662 Perthshire Rd APT D, Houston, TX 77079","$269,900",Townhouse,3 ,"1,978",74,32,50
"8122 Singing Sonnet Ln, Houston, TX 77072","$239,900",Townhouse,3 ,"1,751",29,43,38
"503 Detering St, Houston, TX 77007","$480,000",Townhouse,3 ,"2,424",82,46,60
"600 Wilcrest Dr APT 28, Houston, TX 77042","$250,000",Townhouse,2 ,"1,864",36,25,49
"12720 Dairy Brook Dr, Houston, TX 77099","$190,000",Townhouse,3 ,"1,517",59,41,50
"3316 Timbergrove Heights St, Houston, TX 77008","$579,900",Townhouse,3 ,"2,278",32,35,42
"2313 Nantucket Dr B, Houston, TX 77057","$450,000",Townhouse,3 ,"2,228",78,46,50
"5907 Winsome Ln C, Houston, TX 77057","$759,000",Townhouse,3 ,"2,758",85,50,64
"5214 Sagecircle St S, Houston, TX 77056","$649,900",Townhouse,4 ,"2,993",66,55,47
"5211 Sagecircle St N, Houston, TX 77056","$657,000",Townhouse,3 ,"3,000",66,55,47
"14704 Perthshire Rd UNIT A, Houston, TX 77079","$275,000",Townhouse,3 ,"1,978",58,29,51
"15307 Trinity Meadow Dr, Missouri City, TX 77489","$230,000",Townhouse,3 ,"2,125",14,N/A,29
"805 Bringhurst St, Houston, TX 77020","$515,000",Townhouse,3 ,"2,169",37,43,52
"2121 Kirby Dr UNIT 33, Houston, TX 77019","$10,500,000",Condominium,4 ,"12,827",79,48,55
"1211 Caroline St UNIT 1903, Houston, TX 77002","$1,650,000",Condominium,3 ,"2,579",90,88,64
"2355 Briarwest Blvd, Houston, TX 77077","$192,000",Townhouse,3 ,"1,370",51,45,54
"12500 Sandpiper Dr APT 183, Houston, TX 77035","$68,000",Townhouse,2 ,966,49,41,43
"3501 Chenevert St APT 17, Houston, TX 77004","$315,000",Townhouse,3 ,"1,507",70,62,76
"2829 Timmons Ln APT 120, Houston, TX 77027","$290,000",Townhouse,2 ,"1,226",78,48,50
"2203 Dorrington St APT 407, Houston, TX 77030","$299,000",Condominium,2 ,"1,158",77,73,99
"5217 Arboles Dr A, Houston, TX 77035","$130,000",Townhouse,2 ,"1,394",55,42,43
"17202 Imperial Valley Dr APT 20, Houston, TX 77060","$79,900",Townhouse,1 ,872,57,53,68
"2001 Holcombe Blvd UNIT 305, Houston, TX 77030","$320,000",Condominium,2 ,"1,250",47,59,88
"8221 Kingsbrook Rd APT 209, Houston, TX 77024","$175,000",Townhouse,2 ,"1,052",49,35,43
"2100 Tanglewilde St APT 211, Houston, TX 77063","$148,000",Townhouse,2 ,"1,200",51,43,46
"5104 Caroline St 502, Houston, TX 77004","$1,250,000",Condominium,2 ,"2,673",81,65,81
"4041 Law St APT 405, Houston, TX 77005","$227,000",Townhouse,2 ,"1,042",81,44,63
"5925 Almeda Rd UNIT 12113, Houston, TX 77004","$235,800",Townhouse,1 ,748,66,52,69
"6410 Ferris Dr APT 22, Houston, TX 77081","$215,000",Townhouse,2 ,"1,120",76,50,54
"2120 Kipling St APT 203, Houston, TX 77098","$425,000",Condominium,2 ,"1,636",92,52,69
"12633 Memorial Dr APT 90, Houston, TX 77024","$235,000",Townhouse,2 ,"1,389",32,37,35
"15 Greenway Plz PENTHOUSE 27A, Houston, TX 77046","$1,299,000",Condominium,3 ,"3,017",82,46,57
"2520 Robinhood St APT 804, Houston, TX 77005","$419,000",Condominium,2 ,"1,614",87,46,70
"2047 Westcreek Ln 708, Houston, TX 77027","$998,500",Condominium,2 ,"1,630",66,52,51
"1211 Caroline St UNIT 1003, Houston, TX 77002","$486,000",Condominium,2 ,"1,178",90,88,64
"5625 Antoine Dr 607, Houston, TX 77092","$45,000",Townhouse,1 ,725,58,40,49
"2205 McKinney St APT 306, Houston, TX 77003","$215,000",Condominium,1 ,822,82,88,70
"914 Main St UNIT 1201, Houston, TX 77002","$1,495,000",Condominium,3 ,"3,739",95,88,62
"21 Briar Hollow Ln UNIT 504, Houston, TX 77027","$300,000",Condominium,2 ,"1,464",60,47,48
"12500 Sandpiper Dr APT 200, Houston, TX 77035","$75,000",Townhouse,2 ,966,49,41,43
"2300 Old Spanish Trl APT 1062, Houston, TX 77054","$155,000",Townhouse,2 ,815,50,49,63
"1616 Fountain View Dr APT 611, Houston, TX 77057","$1,150,000",Condominium,3 ,"3,170",76,37,61
"2300 Old Spanish Trl APT 2093, Houston, TX 77054","$160,000",Townhouse,1 ,907,50,49,63
"9333 Memorial Dr APT 216, Houston, TX 77024","$329,000",Condominium,2 ,"1,599",45,45,41
"2001 Holcombe Blvd UNIT 406, Houston, TX 77030","$398,500",Condominium,3 ,"1,649",47,59,88
"1201 McDuffie St UNIT 198, Houston, TX 77019","$399,000",Townhouse,2 ,"1,300",83,43,68
"8405 Wilcrest Dr APT 1203, Houston, TX 77072","$99,900",Townhouse,2 ,834,43,44,41
"1600 Post Oak Blvd UNIT 1605, Houston, TX 77056","$985,000",Condominium,3 ,"1,952",90,49,50
"1901 Post Oak Blvd APT 1114, Houston, TX 77056","$319,000",Condominium,1 ,869,89,52,50
"7520 Hornwood Dr 15, Houston, TX 77036","$110,000",Condominium,2 ,"1,114",72,49,51
"3030 Post Oak Blvd UNIT 413, Houston, TX 77056","$1,299,000",Condominium,2 ,"3,388",74,53,53
"361 N Post Oak Ln APT 144, Houston, TX 77024","$169,999",Townhouse,1 ,"1,092",26,55,61
"6701 Sands Point Dr APT 55, Houston, TX 77074","$186,000",Townhouse,2 ,"1,010",50,51,50
"1077 Country Place Dr, Houston, TX 77079","$230,000",Townhouse,3 ,"2,024",57,25,47
"5625 Antoine Dr APT 202, Houston, TX 77091","$56,000",Townhouse,1 ,725,58,40,49
"14 Greenway Plz UNIT 16Q, Houston, TX 77046","$359,000",Condominium,2 ,"1,681",82,52,64
"3525 Sage Rd APT 908, Houston, TX 77056","$159,500",Condominium,1 ,794,61,55,47
"10555 Turtlewood Ct UNIT 1110, Houston, TX 77072","$139,995",Townhouse,2 ,978,46,43,60
"2205 McKinney St APT 515, Houston, TX 77003","$350,000",Condominium,1 ,"1,097",82,88,70
"1207 Grand West Blvd 3G, Katy, TX 77449","$335,880",Townhouse,2 ,"1,078",19,N/A,35
"3505 Sage Rd UNIT 806, Houston, TX 77056","$269,000",Condominium,2 ,"1,196",64,55,47
"5711 Sugar Hill Dr APT 94, Houston, TX 77057","$130,000",Townhouse,1 ,828,59,36,56
"49 Briar Hollow Ln UNIT 406, Houston, TX 77027","$349,900",Condominium,2 ,"1,753",58,34,56
"6955 Turtlewood Dr 605, Houston, TX 77072","$351,750",Townhouse,1 ,674,59,41,67
"9029 Gaylord Dr APT 124, Houston, TX 77024","$129,000",Townhouse,1 ,672,52,28,41
"2601 Bellefontaine St APT C202, Houston, TX 77025","$120,000",Townhouse,1 ,744,82,55,92
"201 W Rosamond St APT 22, Houston, TX 77076","$101,700",Townhouse,2 ,888,51,41,37
"6417 Bayou Glen Rd, Houston, TX 77057","$225,000",Townhouse,2 ,981,38,32,45
"1207 Grand West Blvd 1N, Katy, TX 77449","$331,680",Townhouse,2 ,"1,078",19,N/A,35
"260 El Dorado Blvd 1601, Houston, TX 77062","$134,700",Townhouse,2 ,806,70,N/A,49
"2820 S Bartell Dr APT 211, Houston, TX 77054","$80,000",Townhouse,1 ,780,52,35,45
"220 Avondale St, Houston, TX 77006","$679,000",Townhouse,3 ,"2,808",78,72,73
"6804 Westview Dr 1105, Houston, TX 77055","$413,436",Condominium,2 ,"1,529",54,41,54
"5100 San Felipe St UNIT 253, Houston, TX 77056","$465,000",Condominium,1 ,"1,729",88,49,52
"4521 San Felipe St UNIT 1203, Houston, TX 77027","$825,000",Condominium,2 ,"1,573",74,51,50
"6955 Turtlewood Dr UNIT 602, Houston, TX 77072","$460,000",Townhouse,2 ,"1,019",59,41,67
"201 W Rosamond St APT 16, Houston, TX 77076","$101,700",Townhouse,2 ,888,51,41,37
"10855 Meadowglen Ln APT 722, Houston, TX 77042","$135,000",Townhouse,2 ,889,60,49,44
"2300 Old Spanish Trl APT 2094, Houston, TX 77054","$155,000",Townhouse,1 ,838,50,49,63
"6955 Turtlewood Dr 207, Houston, TX 77072","$388,500",Townhouse,2 ,"1,210",59,41,67
"201 W Rosamond St APT 50, Houston, TX 77076","$120,900",Townhouse,2 ,"1,056",51,41,37
"3525 Sage Rd APT 1517, Houston, TX 77056","$665,000",Condominium,3 ,"2,661",61,55,47
"1516 Bay Area Blvd APT Q2, Houston, TX 77058","$119,900",Townhouse,2 ,988,55,0,67
"6804 Westview Dr 2106, Houston, TX 77055","$451,273",Condominium,2 ,"1,869",54,41,54
"150 Gessner Rd UNIT 7D, Houston, TX 77024","$475,000",Condominium,2 ,"1,865",35,41,36
"5110 San Felipe St UNIT 141, Houston, TX 77056","$610,000",Condominium,2 ,"2,030",85,44,55
"6955 Turtlewood Dr 520, Houston, TX 77072","$252,000",Townhouse,1 ,640,59,41,67
"5555 Del Monte Dr UNIT 2303, Houston, TX 77056","$530,000",Condominium,2 ,"2,730",68,51,57
"3433 Westheimer Rd 405, Houston, TX 77027","$2,650,000",Condominium,2 ,"2,853",69,48,48
"8521 Hearth Dr APT 2, Houston, TX 77054","$85,900",Townhouse,2 ,"1,092",48,35,45
"10555 Turtlewood Ct UNIT 1601, Houston, TX 77072","$165,000",Townhouse,2 ,"1,093",46,43,60
"5656 San Felipe St 1003, Houston, TX 77056","$1,895,000",Condominium,2 ,"2,030",72,42,57
"5656 San Felipe St 1601, Houston, TX 77056","$3,845,000",Condominium,3 ,"3,067",72,42,57
"2047 Westcreek Ln UNIT 701, Houston, TX 77027","$1,100,000",Condominium,2 ,"1,931",66,52,51
"5656 San Felipe St 601, Houston, TX 77056","$2,095,000",Condominium,3 ,"2,509",72,42,57
"1600 Post Oak Blvd UNIT 902, Houston, TX 77056","$1,035,000",Condominium,3 ,"2,735",90,49,50
"10810 Telephone Rd TRAILER 433, Houston, TX 77075","$70,000",Manufactured home,3 ,"1,792",27,0,32
"7702 Moline St, Houston, TX 77087","$210,000",Manufactured home,3 ,"1,795",63,40,59
"14630 Texarkana St, Houston, TX 77015","$249,900",Manufactured home,4 ,"1,768",57,0,38
"14203 Coveney Dr, Houston, TX 77090","$292,800",Manufactured home,4 ,"2,683",12,23,30
"855 Gateside Dr, Houston, TX 77032","$169,888",Manufactured home,4 ,"1,760",9,30,28
"9426 Grand Isle Ct, Houston, TX 77044","$70,000",Manufactured home,3 ,"1,280",5,14,26
"989 Ringold St, Houston, TX 77088","$363,000",Manufactured home,3 ,"1,476",43,41,35
"14003 Villagrove Dr, Houston, TX 77049","$155,000",Manufactured home,2 ,"1,088",10,0,27
"4942 Scenic Woods Trl, Kingwood, TX 77345","$364,990",Single family residence,4 ,"3,172",8,0,25
"6938 New York St A-B, Houston, TX 77021","$359,000",Duplex,6 ,"3,992",53,44,43
"15426 Baxter Ave, Houston, TX 77084","$375,000",Single family residence,5 ,"2,481",59,0,41
"10230 Dawson Hill Ln, Houston, TX 77044","$265,000",Single family residence,3 ,"1,795",0,0,26
"12203 Briar Forest Dr, Houston, TX 77077","$369,000",Single family residence,3 ,"2,790",38,30,47
"6996 Oakwood Place Ct E, Houston, TX 77040","$310,000",Single family residence,3 ,"2,536",6,22,31
"10519 Laneview Dr, Houston, TX 77070","$375,000",Single family residence,4 ,"2,779",13,24,52
"6723 New York St, Houston, TX 77021","$285,000",Single family residence,3 ,"1,887",60,43,54
"8323 Field Sparrow Trl, Houston, TX 77049","$320,000",Single family residence,4 ,"2,369",5,0,27
"6402 Laurel Run, Houston, TX 77084","$349,000",Single family residence,4 ,"2,489",23,0,30
"7931 Hollow Hook Rd, Houston, TX 77041","$244,375",Single family residence,3 ,"1,402",34,34,36
"12443 Honeywood Trl, Houston, TX 77077","$470,000",Single family residence,5 ,"3,280",53,32,63
"15406 Wandering Creek Trl, Houston, TX 77044","$320,000",Single family residence,4 ,"2,836",3,0,25
"15614 Rio Del Sol Dr, Houston, TX 77083","$229,990",Single family residence,3 ,"1,876",8,20,32
"18303 Heaton Dr, Houston, TX 77084","$525,000",Single family residence,4 ,"3,593",23,0,N/A
"7730 Bradford St, Houston, TX 77087","$295,000",Single family residence,4 ,"1,689",61,39,49
"12906 Birch Falls Rd, Houston, TX 77065","$345,000",Single family residence,4 ,"2,408",17,7,30
"19223 Ruble Dr, Houston, TX 77084","$269,900",Single family residence,3 ,"1,636",32,0,60
"16914 Elmwood Glen Ct, Houston, TX 77095","$334,000",Single family residence,4 ,"2,528",14,0,28
"7711 Dashwood Dr, Houston, TX 77036","$319,000",Single family residence,4 ,"2,272",78,55,57
"9611 Guest St, Houston, TX 77078","$160,000",Ranch,3 ,"1,518",52,44,49
"1003 Vest Ct, Houston, TX 77073","$280,000",Single family residence,4 ,"2,328",13,26,31
"11114 Sageheather Dr, Houston, TX 77089","$199,900",Single family residence,3 ,"1,470",49,28,44
"15914 Hidden Cv, Houston, TX 77079","$757,000",Single family residence,3 ,"4,415",47,34,42
"1678 Beaconshire Rd, Houston, TX 77077","$320,000",Single family residence,4 ,"3,129",61,32,57
"2414 Allendale Garden Ln, Spring, TX 77373","$297,000",Single family residence,4 ,"2,152",4,N/A,32
"3525 Sage Rd APT 1306, Houston, TX 77056","$179,999",Condominium,1 ,834,61,55,47
"6622 Eureka St, Houston, TX 77008","$475,000",Single family residence,3 ,"2,240",26,39,36
"3214 Meadway Dr, Houston, TX 77082","$289,000",Single family residence,4 ,"2,123",52,44,67
"5903 Saddle Bred Dr, Houston, TX 77084","$389,000",Single family residence,5 ,"3,513",5,0,26
"3104 Hamilton St, Houston, TX 77004","$389,990",Townhouse,3 ,"2,310",79,66,72
"7206 River Garden Dr, Houston, TX 77095","$219,000",Single family residence,2 ,"1,509",69,0,50
"8405 Wilcrest Dr APT 3014, Houston, TX 77072","$90,000",Townhouse,3 ,"1,292",43,44,41
"6121 Ridgemont St, Houston, TX 77087","$180,000",Single family residence,4 ,"1,720",58,38,45
"7950 N Stadium Dr APT 230, Houston, TX 77030","$155,000",Townhouse,2 ,"1,137",72,66,86
"2000 Bagby St APT 13416, Houston, TX 77002","$499,000",Condominium,2 ,"1,884",89,83,56
"8336 Bonner Dr, Houston, TX 77017","$185,000",Single family residence,3 ,"1,445",42,28,40
"10011 Lazy Meadows Dr, Houston, TX 77064","$320,000",Single family residence,4 ,"2,416",6,0,27
"8510 Nashwood Ct, Houston, TX 77040","$319,999",Single family residence,4 ,"2,404",44,0,44
"11011 Sagewillow Ln, Houston, TX 77089","$269,900",Single family residence,4 ,"2,229",44,28,40
"2303 Elmgate Dr, Houston, TX 77080","$459,000",Single family residence,4 ,"2,048",36,30,52
"10262 Scotsbrook Dr, Houston, TX 77038","$329,000",Single family residence,6 ,"3,471",28,25,37
"316 N Stiles St, Houston, TX 77011","$390,000",Duplex,3 ,"1,953",316,316,316
"7400 Bellerive Dr APT 606, Houston, TX 77036","$135,000",Townhouse,2 ,"1,094",64,45,51
"2 Longbow Ln, Houston, TX 77024","$17,850,000",Single family residence,8 ,"16,818",2,2,2
"11122 W Cyrus Dr, Houston, TX 77064","$399,000",Single family residence,4 ,"3,186",13,16,29
"5843 Village Forest Ct, Houston, TX 77092","$162,000",Townhouse,4 ,"1,516",46,40,40
"14902 Walters Rd, Houston, TX 77068","$299,999",Single family residence,4 ,"2,538",70,29,50
"11107 Cedarhurst Dr, Houston, TX 77096","$420,000",Ranch,3 ,"1,814",43,40,40
"18003 Ponte Vecchio Way, Houston, TX 77044","$479,000",Single family residence,3 ,"2,663",0,N/A,25
"14859 Perthshire Rd, Houston, TX 77079","$575,000",Single family residence,4 ,"2,762",14859,14859,14859
"7655 S Braeswood Blvd APT 38, Houston, TX 77071","$188,000",Townhouse,2 ,"1,559",53,45,59
"2511 Ohsfeldt St UNIT B, Houston, TX 77008","$439,000",Single family residence,3 ,"2,189",58,34,67
"4006 Essex Ln, Houston, TX 77027","$3,595,000",Single family residence,5 ,"5,300",4006,4006,4006
"17109 Wilthorne Colony Ct, Houston, TX 77084","$278,000",Single family residence,3 ,"1,834",43,0,44
"903 Lehman St B, Houston, TX 77018","$434,900",Single family residence,3 ,"1,857",903,903,903
"5629 Azores, Houston, TX 77091","$355,900",Single family residence,3 ,"1,735",4,29,26
"1135 Cimarron St, Houston, TX 77015","$169,900",Single family residence,3 ,"2,011",1135,1135,1135
"7011 Buffkin Ln, Houston, TX 77069","$514,000",Single family residence,5 ,"4,025",9,0,40
"4969 Brinkman St, Houston, TX 77018","$434,900",Single family residence,3 ,"1,857",42,44,40
"9715 Kindletree Dr, Houston, TX 77040","$325,000",Single family residence,4 ,"2,646",22,0,41
"3410 Woodbriar Dr, Houston, TX 77068","$300,000",Single family residence,4 ,"2,626",9,0,39
"15639 Sierra Valle Dr, Houston, TX 77083","$290,000",Single family residence,3 ,"1,876",18,21,35
"2118 Lazybrook Dr, Houston, TX 77008","$735,000",Ranch,3 ,"1,876",63,36,53
"1418 Amber Knoll Ct, Houston, TX 77062","$299,900",Single family residence,3 ,"1,948",1418,1418,1418
"6528 Couch St, Houston, TX 77091","$374,900",Single family residence,4 ,"2,038",34,39,35
"1524 Ojeman Rd C, Houston, TX 77055","$399,999",Single family residence,3 ,"1,558",59,34,52
"2107 Pueblito Dr, Houston, TX 77077","$469,990",Single family residence,3 ,"2,364",72,45,62
"5200 Elrington Valley Ln, Porter, TX 77365","$243,000",Single family residence,3 ,"1,250",0,N/A,25
"1724 Wellington St, Houston, TX 77093","$409,000",Single family residence,4 ,"2,201",16,23,31
"12206 Wild Pine Dr UNIT D, Houston, TX 77039","$125,000",Townhouse,3 ,"1,574",25,30,40
"4785 Summit St, Houston, TX 77018","$434,900",Single family residence,3 ,"1,861",45,48,49
"7454 Navidad Rd, Houston, TX 77083","$250,000",Single family residence,5 ,"1,260",9,18,28
"18043 Starboard Dr, Houston, TX 77058","$235,000",Townhouse,2 ,"2,524",23,0,36
"4702 Rolling View Ct, Kingwood, TX 77345","$349,900",Single family residence,4 ,"3,029",4702,4702,4702
"16110 Kintyre Point Rd, Houston, TX 77095","$374,900",Single family residence,4 ,"2,421",8,0,28
"11202 Waxwing St, Houston, TX 77035","$395,000",Duplex,2 ,"2,396",11202,11202,11202
"22411 Kenchester Dr, Houston, TX 77073","$299,900",Single family residence,3 ,"1,872",4,23,27
"15322 Paladora Dr, Houston, TX 77083","$291,500",Single family residence,3 ,"2,625",27,22,34
"910 Centerwood Dr, Houston, TX 77013","$215,000",Single family residence,3 ,"1,416",52,29,56
"6620 Loma Vista St A, Houston, TX 77085","$298,000",Duplex,3 ,"1,807",19,12,31
"5210 Longmeadow St A-B, Houston, TX 77033","$370,000",Duplex,3 ,"2,340",24,36,54
"150 Hohldale St, Houston, TX 77022","$360,000",Quadruplex,6 ,"2,822",150,150,150
"3307 Broadway St 1, Houston, TX 77017","$500,000",Multi family,10 ,"4,192",3307,3307,3307
"5430 Heron Dr, Houston, TX 77033","$515,000",Duplex,6 ,"2,831",41,44,40
"8643 Sunderland Rd, Houston, TX 77028","$369,000",Duplex,3 ,"2,300",58,40,54
"7200 T C Jester Blvd 2401-04, Houston, TX 77088","$310,000",Quadruplex,3 ,"3,751",31,24,46
"12830 Magic Dr, Houston, TX 77039","$420,000",Quadruplex,4 ,"3,570",44,34,43
"4503 Austin St, Houston, TX 77004","$650,000",Duplex,3 ,"2,896",89,66,82
"2410 Truxillo St, Houston, TX 77004","$599,990",Triplex,3 ,"3,514",77,53,83
"13347 Indianapolis St, Houston, TX 77015","$214,900",Duplex,4 ,"1,518",56,34,49
"6126 Tyne St, Houston, TX 77007","$385,000",Duplex,2 ,"1,430",62,39,52
"6813 Liverpool St, Houston, TX 77021","$499,999",Duplex,3 ,"2,590",58,43,52
"1724 Chapman St, Houston, TX 77009","$259,000",Duplex,3 ,"1,410",1724,1724,1724
"1517 Collins Rd, Houston, TX 77093","$289,900",Triplex,3 ,"2,948",4,15,27
"3006 Hopper Rd, Houston, TX 77093","$335,000",Quadruplex,3 ,"1,872",3006,3006,N/A
"9806 Springbrook Dr, Houston, TX 77041","$310,000",Duplex,3 ,"2,466",29,26,47
"3510 & 3512 Nagle St, Houston, TX 77004","$315,000",Duplex,4 ,"1,114",71,52,88
"2934 Bertrand St, Houston, TX 77093","$525,000",Quadruplex,6 ,"5,180",21,24,38
"9410 Derrik Dr, Houston, TX 77080","$380,000",Duplex,4 ,"2,257",58,27,62
"2909 Cleburne St, Houston, TX 77004","$500,000",Duplex,2 ,"2,046",67,52,76
"2306 Fennell St APT 4, Houston, TX 77012","$350,000",Quadruplex,-- ,"1,728",59,34,46
"1235 W Gray St, Houston, TX 77019","$685,000",Quadruplex,1 ,"2,738",1235,1235,1235
"7301 Sherman St 6, Houston, TX 77011","$599,900",Multi family,1 ,"2,220",73,49,70
"1920 Kipling St, Houston, TX 77098","$899,888",Duplex,4 ,"2,102",93,51,79
"3814 Fulton St, Houston, TX 77009","$270,000",Multi family,1 ,--,75,57,60
"2521 Sadler St, Houston, TX 77093","$350,000",Multi family,3 ,936,2521,2521,2521
"2315 Chew St, Houston, TX 77020","$290,000",Multi family,4 ,835,58,50,64
"3921 & 3923 Melbourne St, Houston, TX 77026","$325,000",Multi family,2 ,"2,217",32,55,37
"6612 Haight St, Houston, TX 77028","$369,000",Duplex,3 ,"2,300",13,32,28
"2518 Cleburne St, Houston, TX 77004","$1,749,900",Duplex,4 ,"3,096",69,50,79
"7608 E Magnolia St, Houston, TX 77012","$359,000",Duplex,3 ,"1,944",43,34,51
"3520 Broadway St, Houston, TX 77017","$575,000",Multi family,3 ,"3,797",70,37,50
"4322 & 4326 Alconbury Ln 4-1-8, Houston, TX 77021","$1,399,980",Quadruplex,-- ,"3,120",54,54,80
"3551 Ozark St, Houston, TX 77021","$750,000",Duplex,-- ,"3,538",3551,3551,3551
"826 Hahlo St, Houston, TX 77020","$469,999",Duplex,3 ,"2,252",70,50,67
"213 Super St, Houston, TX 77011","$850,000",Multi family,2 ,"3,000",213,213,213
"4326 Larkspur St 1-4, Houston, TX 77051","$549,900",Quadruplex,2 ,"3,564",53,45,53
"7003 Hoffman St, Houston, TX 77028","$380,000",Triplex,2 ,"1,092",30,36,52
"606 Avondale St, Houston, TX 77006","$850,000",Duplex,3 ,"3,162",90,61,76
"3505 3507 1/2 Vintage St, Houston, TX 77026","$399,000",Multi family,4 ,864,N/A,N/A,N/A
"2407 Southmore Blvd 3, Houston, TX 77004","$620,000",Multi family,-- ,"1,716",66,49,71
"4406-4406 E Tidwell Rd, Houston, TX 77093","$399,999",Duplex,3 ,"2,700",40,42,38
"4320 Jack St, Houston, TX 77006","$850,000",Duplex,5 ,"2,368",80,72,72
"4406-4406 Tidwell Rd B, Houston, TX 77093","$399,999",Duplex,3 ,"2,700",40,42,38
"26 Farrell St APT 10, Houston, TX 77022","$974,888",Multi family,1 ,"6,826",62,58,50
"1905 Chapman St, Houston, TX 77009","$650,000",Triplex,4 ,"1,410",1905,1905,1905
"4316 Jack St, Houston, TX 77006","$850,000",Duplex,2 ,"2,300",4316,4316,4316
"514 Martin St, Houston, TX 77018","$1,500,000",Multi family,4 ,"3,542",61,49,51
"4406-4406 Tidwell Rd D, Houston, TX 77093","$399,999",Duplex,3 ,"2,700",40,42,38
"12410 Palmway St, Houston, TX 77034","$187,000",Duplex,4 ,"1,838",32,0,40
"11102 Burdine St, Houston, TX 77096","$412,000",Single family residence,3 ,"2,000",42,38,41
"13326 Montclair Point Ct, Houston, TX 77047","$235,000",Single family residence,3 ,"1,560",19,26,30
"1513 Reinerman St, Houston, TX 77007","$449,000",Townhouse,3 ,"2,520",84,45,52
"14622 Sweetwater View Dr, Houston, TX 77047","$225,000",Single family residence,4 ,"1,295",19,0,55
"5834 Par Four Dr, Houston, TX 77088","$195,000",Single family residence,3 ,"1,628",64,37,70
"2508 Sherwin St, Houston, TX 77007","$459,000",Single family residence,3 ,"2,375",41,38,42
"1118 Glourie Dr, Houston, TX 77055","$1,030,000",Single family residence,3 ,"2,268",56,34,58
"1719 Tuam St, Houston, TX 77004","$285,000",Townhouse,2 ,"1,216",76,71,65
"10710 Oasis Dr, Houston, TX 77096","$430,000",Single family residence,3 ,"1,761",41,38,41
"7510 Hornwood Dr APT 1303, Houston, TX 77036","$115,000",Condominium,2 ,"1,137",72,48,51
"6822 Roos Rd, Houston, TX 77074","$275,000",Single family residence,3 ,"1,704",44,51,45
"12 Hyde Park Blvd UNIT 5, Houston, TX 77006","$245,000",Townhouse,2 ,"1,105",91,71,69
"1614 Hazel St, Houston, TX 77006","$639,900",Single family residence,3 ,"2,864",87,53,68
"4270 Belle Park Dr, Houston, TX 77072","$140,000",Townhouse,3 ,"1,500",4270,4270,4270
"5819 Francis Oak Pl, Houston, TX 77091","$384,900",Single family residence,3 ,"1,842",7,31,27
"2657 Marilee Ln, Houston, TX 77057","$144,900",Townhouse,2 ,"1,088",69,50,50
"6000 Reims Rd APT 2406, Houston, TX 77036","$165,000",Townhouse,2 ,"1,640",52,45,52
"7447 Cambridge St APT 73, Houston, TX 77054","$249,000",Townhouse,2 ,"1,556",51,54,66
"1823 Mountain Aspen Ln, Kingwood, TX 77345","$475,000",Single family residence,4 ,"3,143",3,0,27
"1802 Gillette St, Houston, TX 77019","$335,000",Townhouse,2 ,"1,443",85,69,64
"834 E 29th St, Houston, TX 77009","$479,000",Single family residence,3 ,"2,026",834,834,834
"1707 Red Oak Point Dr, Houston, TX 77055","$610,000",Single family residence,3 ,"2,826",74,36,64
"11611 Parkriver Dr, Houston, TX 77070","$379,000",Single family residence,4 ,"2,738",15,0,54
"2138 Deerhurst Ln, Houston, TX 77088","$385,000",Single family residence,4 ,"2,662",7,29,33
"13915 Honey Bee Ct, Houston, TX 77039","$99,900",Single family residence,5 ,"2,616",7,31,28
"912 Northwood St, Houston, TX 77009","$599,000",Single family residence,3 ,"2,296",912,912,912
"9406 Cedar Point Cir, Houston, TX 77070","$245,000",Single family residence,3 ,"1,476",9406,9406,N/A
"5203 Piedmont St A, Houston, TX 77016","$295,000",Duplex,3 ,"1,960",16,26,46
"7918 Hidden Oaks Ln, Houston, TX 77095","$299,999",Single family residence,4 ,"2,150",7918,7918,N/A
"1235 Kingsbridge Rd, Houston, TX 77073","$297,000",Single family residence,4 ,"2,379",1235,1235,N/A
"14535 County Cress Dr, Houston, TX 77047","$240,000",Single family residence,3 ,"2,244",14535,14535,14535
"4342 Mountain Peak Way, Kingwood, TX 77345","$285,000",Single family residence,4 ,"2,066",13,N/A,34
"12315 W Village Dr UNIT C, Houston, TX 77039","$130,000",Townhouse,2 ,"1,496",12315,12315,N/A
"933 Marcolin St, Houston, TX 77088","$269,900",Single family residence,3 ,"1,750",933,933,933
"13903 Muirfield Village Dr, Houston, TX 77069","$346,500",Single family residence,3 ,"2,475",13903,13903,N/A
"2000 Bagby St APT 5406, Houston, TX 77002","$364,000",Condominium,1 ,"1,648",89,83,56
"3626 Cape Forest Dr, Kingwood, TX 77345","$389,500",Single family residence,3 ,"2,486",54,23,53
"16310 Salinas Ln, Houston, TX 77095","$290,000",Single family residence,4 ,"2,316",4,0,27
"2006 Potomac Dr APT D, Houston, TX 77057","$439,000",Townhouse,3 ,"2,676",75,35,50
"806 W Heights Hollow Ln, Houston, TX 77007","$299,000",Townhouse,2 ,"1,240",806,806,806
"915 Franklin St UNIT 9H, Houston, TX 77002","$299,500",Condominium,1 ,"1,025",95,87,76
"5403 Yorkdale Dr, Houston, TX 77091","$175,000",Single family residence,3 ,"1,315",18,31,63
"402 Timberwilde Ln, Houston, TX 77024","$17,477,000",Single family residence,5 ,"11,290",402,402,N/A
"2906 Brackenridge St, Houston, TX 77026","$175,000",Single family residence,4 ,"1,600",2906,2906,2906
"7159 Crystal Way, Houston, TX 77036","$289,000",Single family residence,3 ,"1,648",46,38,42
"3926 Farmer St, Houston, TX 77020","$189,990",Triplex,6 ,"1,420",37,44,67
"15855 Granite Mountain Trl, Houston, TX 77049","$274,900",Single family residence,3 ,"1,733",27,0,32
"10403 Rippling Fields Dr, Houston, TX 77064","$245,000",Single family residence,4 ,"2,160",34,0,37
"27 Greenway View Trl, Humble, TX 77339","$1,295,000",Single family residence,5 ,"4,853",27,N/A,27
"2816 Leeland St, Houston, TX 77003","$385,000",Townhouse,3 ,"1,752",2816,2816,2816
"3525 Sage Rd APT 1502, Houston, TX 77056","$164,900",Condominium,1 ,794,61,55,47
"13238 Rustic Garden Dr, Houston, TX 77083","$319,500",Single family residence,3 ,"1,999",29,44,39
"14420 Walters Rd UNIT 31, Houston, TX 77014","$250,000",Townhouse,3 ,"1,659",80,33,50
"661 Bering Dr UNIT 104, Houston, TX 77057","$160,000",Condominium,2 ,"1,287",56,36,56
"11306 Pecan Creek Dr, Houston, TX 77043","$557,000",Ranch,4 ,"2,390",39,27,47
"12106 Attlee Dr, Houston, TX 77077","$460,000",Single family residence,4 ,"2,712",12106,12106,12106
"12019 Coral Reef Dr, Houston, TX 77044","$107,000",Manufactured home,3 ,"1,140",23,9,33
"1437 Wisterwood Dr, Houston, TX 77043","$324,900",Single family residence,3 ,"1,476",52,41,68
"6819 Tuskegee St, Houston, TX 77091","$285,000",Single family residence,3 ,"1,505",41,42,40
"10658 Memorial Dr, Houston, TX 77024","$5,950,000",Single family residence,6 ,"8,296",6,22,26
"22 W Oaks Dr, Houston, TX 77058","$415,000",Townhouse,4 ,"2,990",22,22,N/A
"4615 Cashel Glen Dr, Houston, TX 77069","$215,000",Single family residence,3 ,"2,005",4615,4615,N/A
"5621 Savyon Dr, Houston, TX 77091","$449,000",Single family residence,4 ,"2,300",4,29,26
"6965 Ardmore St, Houston, TX 77054","$319,900",Townhouse,3 ,"1,915",6965,6965,6965
"16746 Rover Ln, Porter, TX 77365","$263,575",Single family residence,3 ,"1,349",0,N/A,25
"531 Cool Spring Dr, Houston, TX 77037","$189,000",Single family residence,3 ,"1,045",44,37,46
"12638 Sandy Hook Dr, Houston, TX 77089","$205,000",Single family residence,3 ,"1,141",47,21,36
"5608 Azores, Houston, TX 77091","$359,900",Single family residence,3 ,"1,827",4,29,26
"5610 Azores, Houston, TX 77091","$359,900",Single family residence,3 ,"1,827",4,29,26
"5632 Azores, Houston, TX 77091","$355,900",Single family residence,3 ,"1,735",4,29,26
"3110 Arbor St, Houston, TX 77004","$330,000",Single family residence,2 ,"1,624",3110,3110,3110
"6721 Parker Grove Ln, Houston, TX 77076","$309,900",Single family residence,3 ,"1,772",45,42,43
"967 Lucky St, Houston, TX 77088","$325,000",Single family residence,4 ,"1,776",34,43,37
"10319 White Fir Villa Ave, Houston, TX 77044","$239,500",Single family residence,4 ,"1,460",8,0,26
"16539 Rock East Dr, Houston, TX 77073","$230,000",Single family residence,3 ,"1,470",11,27,29
"10211 Sugar Branch Dr APT 318, Houston, TX 77036","$54,000",Townhouse,1 ,784,46,43,42
"5634 Azores, Houston, TX 77091","$359,900",Single family residence,3 ,"1,735",4,29,26
"8131 Brinkworth Ln, Houston, TX 77070","$285,000",Single family residence,4 ,"2,272",37,27,43
"14823 Sparkling Bay Ln, Houston, TX 77062","$669,000",Single family residence,4 ,"3,766",22,0,31
"3400 Timmons Ln 13, Houston, TX 77027","$175,000",Townhouse,2 ,844,74,47,52
"5313 Lillian St, Houston, TX 77007","$475,000",Single family residence,3 ,"2,355",85,47,59
"5616 Azores, Houston, TX 77091","$355,900",Single family residence,3 ,"1,827",4,29,26
"5614 Azores, Houston, TX 77091","$355,900",Single family residence,3 ,"1,827",4,29,26
"8006 Winthrop St, Houston, TX 77075","$239,000",Single family residence,3 ,"1,620",37,0,40
"7029 Chasewood Dr, Missouri City, TX 77489","$189,900",Townhouse,3 ,"1,728",27,N/A,45
"7101 Foster St B, Houston, TX 77021","$249,500",Duplex,3 ,"1,225",50,45,45
"12410 Skyview Star Ct, Houston, TX 77047","$299,000",Single family residence,3 ,"2,271",12410,12410,12410
"9700 Leawood Blvd 2/202, Houston, TX 77099","$104,500",Townhouse,2 ,"1,068",62,39,41
"2103 Pueblito Dr, Houston, TX 77077","$479,990",Single family residence,3 ,"2,414",72,45,62
"12166 Beamer Rd, Houston, TX 77089","$205,000",Townhouse,3 ,"2,030",57,28,42
"8418 Twin Lamps Ln, Houston, TX 77064","$195,000",Single family residence,3 ,"1,878",24,36,54
"2004 Worms St, Houston, TX 77020","$320,000",Single family residence,2 ,"1,637",31,44,59
"1542 Ainsdale Dr, Houston, TX 77077","$315,000",Single family residence,3 ,"1,739",1542,1542,1542
"10851 Pepper Ln, Houston, TX 77079","$725,000",Single family residence,4 ,"2,907",48,29,45
"5431 Olympia Fields Ln, Houston, TX 77069","$497,500",Single family residence,5 ,"3,899",36,28,40
"15002 Cozy Hollow Ln, Houston, TX 77044","$425,000",Single family residence,4 ,"3,407",22,0,33
"948 Fisher St D, Houston, TX 77018","$479,900",Single family residence,3 ,"2,177",54,38,60
"10922 W Early Dusk Cir, Houston, TX 77044","$282,900",Single family residence,4 ,"2,379",0,0,25
"2218 Del Monte Dr, Houston, TX 77019","$4,199,999",Single family residence,5 ,"6,722",2218,2218,2218
"7902 Parnell St B, Houston, TX 77051","$314,900",Single family residence,3 ,"1,966",7902,7902,7902
"16418 Waverly Dr, Houston, TX 77032","$575,000",Multi family,3 ,796,6,24,N/A
"400 Cordell St, Houston, TX 77009","$1,000,000",Single family residence,3 ,"2,945",74,53,57
"11731 Tierra Palms Ct, Houston, TX 77034","$269,999",Single family residence,6 ,"2,400",23,10,36
"1922 Hidden Creek Dr, Humble, TX 77339","$412,500",Single family residence,5 ,"2,867",1922,1922,1922
"2209 Arabelle St A, Houston, TX 77007","$485,000",Single family residence,3 ,"2,279",2209,2209,2209
"2327 Saint Emanuel St, Houston, TX 77004","$545,000",Single family residence,4 ,"2,800",2327,2327,2327
"8114 Renmark Ln, Houston, TX 77070","$298,000",Single family residence,4 ,"2,554",8114,8114,N/A
"3001 Inwood Dr, Houston, TX 77019","$16,500,000",Single family residence,6 ,"13,630",37,45,44
"7825 Pacific Pearl St, Houston, TX 77072","$195,000",Townhouse,3 ,"1,504",7825,7825,7825
"903 Lehman St C, Houston, TX 77018","$434,900",Single family residence,3 ,"1,857",42,44,40
"903 Lehman St A, Houston, TX 77018","$434,900",Single family residence,3 ,"1,857",42,44,40
"12427 Shadowvale Dr, Houston, TX 77082","$447,000",Single family residence,4 ,"3,374",48,39,27
"17323 Dakota Ridge Dr, Houston, TX 77095","$379,000",Single family residence,5 ,"2,797",48,0,42
"4163 Wildacres Dr, Houston, TX 77072","$250,000",Single family residence,4 ,"2,208",38,31,43
"8410 Elrod St, Houston, TX 77017","$232,000",Duplex,6 ,"1,890",8410,8410,8410
"1010 Rosine St APT 201, Houston, TX 77019","$282,000",Condominium,2 ,"1,129",86,52,76
"6505 Taggart St B, Houston, TX 77007","$1,295,000",Single family residence,3 ,"3,581",61,39,53
"15018 Carols Way Dr, Houston, TX 77070","$299,999",Single family residence,4 ,"2,194",20,0,54
"814 Fisher St, Houston, TX 77018","$549,500",Duplex,4 ,"2,064",814,814,814
"13910 Hunters Cove Ct, Houston, TX 77039","$225,000",Single family residence,3 ,"1,700",3,32,28
"12003 Cyprus Fld, Houston, TX 77070","$285,000",Single family residence,3 ,"1,994",71,0,46
"3302 Mulberry Hill Ln, Houston, TX 77084","$305,000",Single family residence,4 ,"2,365",3302,3302,N/A
"1728 Park St, Houston, TX 77019","$849,000",Townhouse,3 ,"3,188",85,51,67
"3305 W Lamar St C, Houston, TX 77019","$449,000",Townhouse,3 ,"2,485",3305,3305,3305
"4514 Old Yale St C, Houston, TX 77018","$395,000",Single family residence,3 ,"1,554",48,45,71
"803 Martin Rd C, Houston, TX 77018","$439,900",Single family residence,3 ,"1,732",39,47,43
"10015 Lizette Ct, Houston, TX 77075","$450,000",Single family residence,4 ,"2,780",51,26,40
"10850 Nellsfield Ln, Houston, TX 77075","$250,000",Single family residence,3 ,"1,565",20,0,32
"2124 Carter St, Houston, TX 77008","$300,000",Single family residence,1 ,563,2124,2124,2124
"3920 Inverness Dr, Houston, TX 77019","$12,999,000",Single family residence,6 ,"11,248",3920,3920,3920
"10100 S Gessner Rd APT 703, Houston, TX 77071","$80,000",Townhouse,1 ,684,56,40,60
"6125 Gehring St, Houston, TX 77021","$319,900",Townhouse,2 ,"2,041",6125,6125,6125
"2323 Polk St APT 201, Houston, TX 77003","$274,000",Townhouse,1 ,"1,333",77,85,70
"8606 Dairy View Ln, Houston, TX 77072","$169,900",Townhouse,3 ,"1,566",8606,8606,8606
"2111 Mountain Ranch Dr, Houston, TX 77049","$249,000",Single family residence,3 ,"1,794",10,0,27
"10946 Bexley Dr 946, Houston, TX 77099","$186,666",Duplex,3 ,"1,517",10946,10946,10946
"3028 Prospect St, Houston, TX 77004","$325,000",Single family residence,3 ,"2,292",3028,3028,3028
"2910 Aspen Park Ln, Houston, TX 77084","$415,000",Single family residence,6 ,"3,601",23,0,54
"11834 Lelda Ln, Houston, TX 77071","$254,900",Single family residence,4 ,"1,820",37,41,37
"5239 Kiam St, Houston, TX 77007","$425,000",Single family residence,3 ,"1,032",57,40,68
"12018 Villa Lea Ln, Houston, TX 77071","$275,000",Single family residence,3 ,"1,939",17,44,34
"5606 Woodland Creek Dr, Kingwood, TX 77345","$400,000",Single family residence,4 ,"2,539",4,0,34
"3423 Woodbriar Dr, Houston, TX 77068","$399,900",Single family residence,5 ,"3,225",12,0,34
"18222 Wild Oak Dr, Houston, TX 77090","$235,000",Single family residence,3 ,"1,598",4,14,32
"15007 Bathurst Dr, Houston, TX 77053","$135,000",Single family residence,3 ,"1,247",35,43,35
"10718 Garrick Ln, Houston, TX 77013","$217,000",Single family residence,3 ,"1,752",36,32,65
"14826 Saint Cloud Dr, Houston, TX 77062","$289,900",Single family residence,3 ,"1,707",14,0,36
"13514 Leedwick Dr, Houston, TX 77041","$350,000",Single family residence,5 ,"2,959",19,0,28
"1122 Baymeadow Dr, Houston, TX 77062","$275,000",Single family residence,4 ,"2,086",1122,1122,1122
"2714 Owens Cross Dr, Houston, TX 77067","$245,000",Single family residence,3 ,"1,931",29,38,42
"15806 Blueridge Rd, Missouri City, TX 77489","$224,000",Single family residence,3 ,"1,444",44,N/A,39
"3626 Purple Meadow Ln, Kingwood, TX 77345","$369,000",Single family residence,4 ,"2,536",3626,N/A,3626
"11315 Old Mission Rd, Houston, TX 77095","$352,000",Single family residence,3 ,"1,802",11315,11315,N/A
"1722 Dominic Ln, Houston, TX 77049","$319,900",Single family residence,4 ,"1,896",16,0,28
"16514 Brook Forest Dr, Houston, TX 77059","$699,900",Single family residence,5 ,"4,502",9,0,57
"8803 Ballinger Dr, Houston, TX 77064","$599,000",Single family residence,5 ,"3,680",10,0,27
"1323 New Cedars Dr, Houston, TX 77062","$285,000",Single family residence,3 ,"2,204",31,0,35
"5151 Denoron Dr, Houston, TX 77048","$189,500",Single family residence,3 ,"1,102",5151,5151,5151
"733 W 21st St B, Houston, TX 77008","$585,000",Single family residence,3 ,"2,374",80,42,56
"13311 Rain Lily Ln, Houston, TX 77083","$245,000",Single family residence,3 ,"1,788",43,45,53
"5824 Willow Glen Dr, Houston, TX 77033","$100,000",Single family residence,3 ,"1,181",54,44,44
"9934 Woodwick St, Houston, TX 77016","$149,500",Single family residence,3 ,"1,083",11,34,33
"10939 E Fall Fern Cir, Houston, TX 77044","$328,000",Single family residence,4 ,"3,220",10939,10939,N/A
"18046 Bambriar Dr, Houston, TX 77090","$375,000",Single family residence,5 ,"2,732",1,0,26
"522 Lindale St, Houston, TX 77022","$165,000",Single family residence,3 ,900,522,522,522
"3226 Enclave Ln, Houston, TX 77077","$519,900",Single family residence,4 ,"3,910",60,32,53
"5303 Dana Leigh Dr, Houston, TX 77066","$364,900",Single family residence,6 ,"3,252",5303,5303,N/A
"714 Kahlden Ct, Houston, TX 77079","$695,000",Single family residence,4 ,"3,798",19,26,52
"14535 Overland Hollow Dr, Houston, TX 77069","$270,000",Single family residence,3 ,"1,415",37,31,40
"7631 White Fir Dr, Houston, TX 77088","$289,999",Single family residence,4 ,"2,565",5,32,27
"4126 Surreydon Dr, Houston, TX 77014","$259,500",Single family residence,3 ,"2,081",47,26,35
"999 Saint Clair St, Houston, TX 77088","$238,990",Single family residence,3 ,"1,298",38,45,39
"1609 W 15th St, Houston, TX 77008","$524,999",Single family residence,3 ,"2,240",1609,1609,1609
"718 Loire Ln, Houston, TX 77090","$270,000",Single family residence,4 ,"3,108",31,26,N/A
"13371 Indianapolis St A, Houston, TX 77015","$109,000",Ranch,1 ,670,59,34,49
"16714 Southern Oaks Dr, Houston, TX 77068","$2,000,000",Single family residence,4 ,"8,754",16714,16714,16714
"14102 Swiss Hill Dr, Houston, TX 77077","$368,000",Single family residence,3 ,"2,762",27,28,42
"5754 Braesheather Dr, Houston, TX 77096","$415,000",Single family residence,4 ,"2,281",46,40,58
"5631 Azores, Houston, TX 77091","$355,900",Single family residence,3 ,"1,735",4,29,26
"5635 Azores, Houston, TX 77091","$359,900",Single family residence,3 ,"1,735",4,29,26
"955 Reseda Dr, Houston, TX 77062","$247,800",Single family residence,3 ,"1,652",955,955,955
"727 Redleaf Ln, Houston, TX 77090","$310,000",Single family residence,4 ,"3,170",727,727,N/A
"1308 W 25th St UNIT C, Houston, TX 77008","$460,000",Single family residence,3 ,"1,936",24,36,54
"11527 Green Oaks Dr, Houston, TX 77024","$4,500,000",Single family residence,5 ,"8,777",11527,N/A,N/A
"5630 Azores, Houston, TX 77091","$355,900",Single family residence,3 ,"1,735",4,29,26
"1502 Saxony Ln, Houston, TX 77058","$294,900",Ranch,3 ,"1,765",50,0,42
"5139 Danfield Dr, Houston, TX 77053","$210,000",Single family residence,5 ,"3,080",25,30,34
"5611 Lodge Creek Dr, Houston, TX 77066","$279,500",Single family residence,5 ,"2,796",5611,5611,N/A
"13615 Paxton Dr, Houston, TX 77014","$206,000",Single family residence,3 ,"1,050",9,0,27
"17817 Glenmark Dr, Houston, TX 77084","$160,000",Single family residence,2 ,957,49,0,51
"242 Sulky Trail St, Houston, TX 77060","$214,000",Single family residence,4 ,"1,538",58,40,44
"4646 Larkspur St, Houston, TX 77051","$379,000",Single family residence,4 ,"2,507",4646,4646,4646
"2120 Alabama St, Houston, TX 77004","$344,900",Single family residence,4 ,"2,145",77,56,81
"10706 Bordley Dr, Houston, TX 77042","$699,900",Single family residence,4 ,"3,247",30,34,53
"4214 Browns Forest Dr, Houston, TX 77084","$370,000",Single family residence,4 ,"2,607",13,0,31
"6150 Chevy Chase Dr, Houston, TX 77057","$775,000",Single family residence,4 ,"3,192",61,44,48
"8125 Fuqua Ct, Houston, TX 77075","$275,000",Single family residence,3 ,"1,569",39,0,38
"14919 James River Ln, Houston, TX 77084","$259,000",Single family residence,3 ,"1,975",14919,14919,14919
"15918 Colonial Bridge Ln, Houston, TX 77073","$219,900",Single family residence,3 ,"1,338",5,27,26
"1127 Hammock St, Houston, TX 77009","$319,000",Single family residence,3 ,"1,266",74,64,61
"903 Lehman St, Houston, TX 77018","$444,900",Single family residence,3 ,"1,951",42,44,40
"903 Lehman St F, Houston, TX 77018","$444,900",Single family residence,3 ,"1,951",42,44,40
"4783 Summit St, Houston, TX 77018","$439,900",Single family residence,3 ,"1,732",45,48,49
"2317 Wroxton Rd, Houston, TX 77005","$770,000",Single family residence,3 ,"1,857",2317,2317,2317
"2110 Hickory Lawn Dr, Houston, TX 77077","$325,000",Single family residence,4 ,"2,552",49,42,54
"1225 Nicholson St, Houston, TX 77008","$1,050,000",Single family residence,3 ,"2,404",80,42,61
"14410 Providence Pine Trl, Houston, TX 77062","$323,000",Single family residence,4 ,"2,146",14410,14410,14410
"16306 Scotch Hollow Ln, Houston, TX 77083","$285,000",Single family residence,4 ,"1,853",16306,16306,N/A
"11014 Leitrim Way, Houston, TX 77047","$155,000",Ranch,2 ,"1,642",24,39,47
"7828 Pardee St, Houston, TX 77028","$295,000",Single family residence,3 ,"1,364",14,28,22
"503 Timber Terrace Rd, Houston, TX 77024","$1,799,000",Single family residence,4 ,"4,628",503,503,503
"2822 Youpon Lake Ct, Houston, TX 77084","$300,000",Single family residence,4 ,"2,368",30,0,57
"340 W 17th St, Houston, TX 77008","$1,295,000",Single family residence,3 ,"2,622",340,340,340
"4303 Tidewater Dr, Houston, TX 77045","$160,000",Single family residence,4 ,"2,222",34,31,49
"6306 Jefferson St, Houston, TX 77023","$629,900",Single family residence,3 ,"2,151",60,47,61
"2721 Maxroy St, Houston, TX 77007","$649,900",Single family residence,4 ,"2,675",29,39,37
"4512 Old Yale St B, Houston, TX 77018","$409,900",Single family residence,3 ,"1,541",54,47,71
"6410 Tam O Shanter Ln, Houston, TX 77036","$435,000",Single family residence,4 ,"3,329",64,48,53
"3502 Tree Ln, Humble, TX 77339","$421,900",Single family residence,5 ,"3,225",20,0,47
"12915 Memorial Dr, Houston, TX 77079","$600,000",Single family residence,3 ,"2,419",75,33,52
"1842 Palm St, Houston, TX 77004","$414,990",Single family residence,4 ,"2,607",1842,1842,1842
"2444 Charleston St UNIT C, Houston, TX 77021","$509,000",Single family residence,3 ,"2,436",2444,2444,2444
"12531 Orleans St, Houston, TX 77015","$199,900",Single family residence,3 ,"1,534",59,32,46
"919 Shirkmere Rd, Houston, TX 77008","$1,379,900",Single family residence,4 ,"3,974",919,919,919
"1910 Windy Peaks Ct, Houston, TX 77067","$250,000",Single family residence,3 ,"2,861",8,0,29
"7209 Sayers St, Houston, TX 77016","$314,400",Single family residence,3 ,"1,611",29,43,38
"11342 Oakcenter Dr, Houston, TX 77072","$200,000",Single family residence,3 ,"1,523",11342,11342,11342
"12 Champions Bend Cir, Houston, TX 77069","$650,000",Single family residence,4 ,"3,770",12,12,N/A
"11903 Edgar St, Houston, TX 77047","$105,900",Ranch,3 ,"1,466",11903,11903,11903
"8906 Sable Terrace Ln, Houston, TX 77044","$340,000",Single family residence,4 ,"2,063",42,0,35
"17831 Butte Creek Rd, Houston, TX 77090","$314,900",Single family residence,4 ,"2,467",11,0,30
"16814 Laguna Springs Dr, Houston, TX 77095","$350,000",Single family residence,3 ,"2,620",16814,16814,N/A
"202 Ogilvie St, Houston, TX 77017","$489,900",Single family residence,5 ,"3,300",32,23,34
"14022 White Heather Dr, Houston, TX 77045","$189,900",Single family residence,3 ,"1,480",14022,14022,14022
"12715 Watercress Park, Houston, TX 77041","$384,900",Single family residence,4 ,"2,700",28,0,33
"12030 E Circle Dr, Houston, TX 77071","$599,999",Single family residence,4 ,"4,875",14,45,29
"4711 Theall Rd, Houston, TX 77066","$249,000",Single family residence,4 ,"2,330",66,33,49
"18210 Caprice Ln, Houston, TX 77058","$359,900",Single family residence,3 ,"2,065",44,0,35
"2811 Creek Manor Dr, Humble, TX 77339","$315,000",Single family residence,4 ,"2,212",2811,2811,2811
"1602 Anvil Dr, Houston, TX 77090","$350,000",Single family residence,5 ,"3,842",1602,1602,N/A
"2919 Travick Ln, Houston, TX 77073","$241,700",Single family residence,4 ,"2,453",2919,2919,N/A
"11923 Greensbrook Forest Dr, Houston, TX 77044","$160,000",Single family residence,3 ,"1,080",3,0,29
"18814 Appletree Hill Ln, Houston, TX 77084","$289,500",Single family residence,4 ,"2,106",18814,18814,N/A
"12223 Drifting Pine Ct, Houston, TX 77066","$244,000",Single family residence,3 ,"2,093",13,34,41
"16022 Coco Shores Ct, Houston, TX 77044","$314,900",Single family residence,3 ,"2,206",3,0,28
"16006 Garden Hill Ln, Houston, TX 77095","$350,000",Single family residence,4 ,"2,421",19,0,35
"655 Langwood Dr, Houston, TX 77079","$450,000",Single family residence,5 ,"2,791",46,30,70
"13802 Hambleton Dr, Houston, TX 77069","$462,000",Single family residence,4 ,"3,074",13802,13802,13802
"8027 Albin Ln, Houston, TX 77071","$549,900",Single family residence,5 ,"5,172",49,42,44
"14907 Arvonshire Ct, Houston, TX 77049","$399,000",Single family residence,5 ,"3,395",14907,14907,14907
"4419 Trafalgar Dr, Houston, TX 77045","$244,900",Single family residence,3 ,"1,622",45,38,43
"5303 Spanish Oak Dr, Houston, TX 77066","$559,900",Single family residence,7 ,"5,152",26,23,34
"13550 Creek Springs Dr, Houston, TX 77083","$244,900",Single family residence,3 ,"1,742",43,49,52
"4105 Lumber Ln, Houston, TX 77016","$235,000",Single family residence,3 ,"1,280",35,49,36
"11907 Greencreek Cir, Houston, TX 77070","$314,900",Single family residence,4 ,"2,198",43,0,41
"8418 Bird Run Dr, Missouri City, TX 77489","$134,000",Single family residence,3 ,"1,550",15,N/A,27
"2906 S Druid St, Houston, TX 77091","$165,000",Single family residence,3 ,"1,728",20,23,30
"3702 Blue Meadow Ln, Houston, TX 77039","$199,000",Single family residence,4 ,"1,349",46,34,35
"1718 Kilmory Ct, Houston, TX 77014","$249,000",Single family residence,4 ,"1,538",3,23,26
"5510 Triway Ln, Houston, TX 77041","$297,000",Single family residence,4 ,"1,600",32,34,36
"7705 Edna St, Houston, TX 77087","$320,000",Single family residence,5 ,"1,752",64,40,57
"16331 Brookside Willow Ln, Houston, TX 77084","$380,000",Single family residence,5 ,"3,385",27,0,32
"10834 Great Bridge Dr, Houston, TX 77065","$279,900",Single family residence,4 ,"2,168",33,0,38
"2409 Dalview St, Houston, TX 77091","$365,000",Single family residence,4 ,"1,848",22,25,31
"305 Reinerman St, Houston, TX 77007","$499,800",Single family residence,3 ,"2,528",79,48,60
"14411 Wadebridge Way, Houston, TX 77015","$308,000",Single family residence,3 ,"1,851",58,0,43
"11902 Rocky Knoll Dr, Houston, TX 77077","$338,000",Single family residence,3 ,"1,739",47,41,55
"13810 Turning Spring Ln, Houston, TX 77044","$389,900",Ranch,5 ,"2,899",3,0,28
"8826 Eastheimer St, Houston, TX 77064","$255,000",Single family residence,4 ,"2,030",29,0,36
"10502 Bucknell Rd, Houston, TX 77016","$239,999",Single family residence,4 ,"1,372",28,29,43
"11246 Sagecanyon Dr, Houston, TX 77089","$249,900",Single family residence,3 ,"1,801",14,23,30
"5211 Winding Way Dr, Houston, TX 77091","$250,000",Single family residence,4 ,"2,463",29,35,58
"16919 Summer Dew Ln, Houston, TX 77095","$272,500",Single family residence,3 ,"1,645",52,0,N/A
"2003 Hidden Creek Dr, Humble, TX 77339","$300,000",Single family residence,4 ,"2,241",35,0,40
"13138 Newbrook Dr, Houston, TX 77072","$219,000",Single family residence,3 ,"1,872",56,42,45
"5419 Chapel Brook Dr, Houston, TX 77069","$765,000",Single family residence,5 ,"5,134",28,0,N/A
"5622 Ludington Dr, Houston, TX 77035","$274,900",Ranch,4 ,"2,035",37,39,40
"3719 Sweetgum Hill Ln, Kingwood, TX 77345","$325,000",Single family residence,4 ,"2,542",3719,N/A,3719
"7127 Airport Blvd, Houston, TX 77061","$495,000",Single family residence,3 ,"1,896",8,20,32
"10107 Burgoyne Rd, Houston, TX 77042","$649,900",Single family residence,3 ,"2,121",10107,10107,10107
"9255 Friendship Rd, Houston, TX 77080","$299,900",Single family residence,3 ,"1,762",59,33,54
"12261 Oxford Crescent Cir, Houston, TX 77082","$385,000",Single family residence,4 ,"2,341",73,46,58
"9715 Stonecross Bend Dr, Houston, TX 77070","$2,925,000",Single family residence,6 ,"10,636",9715,9715,N/A
"15806 La Avenida Dr, Houston, TX 77062","$279,900",Single family residence,4 ,"1,880",73,0,53
"2003 Sunshine Point Dr, Kingwood, TX 77345","$550,000",Single family residence,5 ,"3,942",2,0,28
"5715 Lycomb Dr, Houston, TX 77053","$196,000",Single family residence,3 ,"1,070",5715,5715,5715
"5523 Pebble Springs Dr, Houston, TX 77066","$364,900",Single family residence,6 ,"3,484",53,28,42
"5636 Azores, Houston, TX 77091","$369,900",Single family residence,3 ,"1,735",4,29,26
"950 Fisher Dr E, Houston, TX 77018","$482,900",Single family residence,3 ,"2,177",54,38,60
"426 Middle St, Houston, TX 77003","$490,000",Single family residence,2 ,924,62,54,78
"407 Remington Ridge Dr, Houston, TX 77073","$250,000",Single family residence,3 ,"2,308",13,31,28
"5621 Azores, Houston, TX 77091","$369,900",Single family residence,3 ,"1,735",4,29,26
"950 Fisher Dr D, Houston, TX 77018","$479,900",Single family residence,3 ,"2,177",54,38,60
"16811 Waycreek Rd, Houston, TX 77068","$484,900",Single family residence,6 ,"4,440",24,0,33
"2143 River Village Dr, Humble, TX 77339","$249,000",Single family residence,3 ,"1,512",2143,2143,2143
"15127 Manorhill Dr, Houston, TX 77062","$319,999",Single family residence,5 ,"2,508",45,0,44
"15103 Prairie Rose Dr, Houston, TX 77070","$288,000",Single family residence,3 ,"1,955",15103,15103,N/A
"14522 Redbud Valley Trl, Houston, TX 77062","$344,900",Single family residence,5 ,"2,471",41,0,34
"1416 Arlington St, Houston, TX 77008","$1,549,000",Single family residence,4 ,"3,388",66,48,64
"5431 Cuerta St, Houston, TX 77023","$339,900",Single family residence,3 ,"1,795",62,48,60
"106 Robmore St, Houston, TX 77076","$295,000",Single family residence,4 ,"1,650",106,106,106
"943 Crestbrook Dr, Houston, TX 77038","$239,900",Single family residence,4 ,"1,530",40,27,39
"12111 Creekhurst Dr, Houston, TX 77099","$299,000",Single family residence,3 ,"2,309",12111,12111,12111
"4212 Old Spanish Trl, Houston, TX 77021","$324,900",Single family residence,3 ,"1,921",4212,4212,4212
"901 Lehman St B, Houston, TX 77018","$434,900",Single family residence,3 ,"1,857",901,901,901
"8446 Springtime Ln, Houston, TX 77075","$219,000",Single family residence,3 ,"1,361",41,0,39
"15242 Garrett Rd, Houston, TX 77044","$475,000",Single family residence,4 ,"3,230",0,0,25
"809 Knox St, Houston, TX 77007","$775,000",Single family residence,4 ,"3,205",809,809,809
"5633 Azores, Houston, TX 77091","$359,900",Single family residence,3 ,"1,735",4,29,26
"7815 Prestwood Dr, Houston, TX 77036","$359,900",Single family residence,4 ,"2,055",51,46,55
"8518 Clarewood Dr, Houston, TX 77036","$375,000",Single family residence,5 ,"2,574",65,47,57
"518 E Lorino St, Houston, TX 77037","$198,000",Single family residence,3 ,"1,350",22,38,34
"16635 Shorewood Lakes Dr, Houston, TX 77095","$262,000",Single family residence,3 ,"1,440",19,0,31
"5538 Honor Dr, Houston, TX 77041","$600,000",Single family residence,5 ,"3,985",33,0,36
"5911 Saddle Bred Dr, Houston, TX 77084","$289,000",Single family residence,4 ,"2,263",5911,5911,N/A
"10910 Hoffer St, Houston, TX 77075","$209,900",Single family residence,3 ,"1,272",64,0,47
"12703 Pebblebrook Dr, Houston, TX 77024","$945,000",Single family residence,5 ,"4,319",72,41,51
"5602 Ballina Canyon Ln, Houston, TX 77041","$599,999",Single family residence,5 ,"3,926",5602,5602,N/A
"11231 Sageview Dr, Houston, TX 77089","$239,000",Single family residence,3 ,"1,858",53,28,45
"14244 Oak Chase Dr, Houston, TX 77062","$287,000",Single family residence,3 ,"1,540",14244,14244,14244
"5620 Azores, Houston, TX 77091","$359,900",Single family residence,3 ,"1,827",4,29,26
"5618 Azores, Houston, TX 77091","$355,900",Single family residence,3 ,"1,827",4,29,26
"6906 Russelfield Ln, Houston, TX 77049","$385,000",Single family residence,4 ,"3,575",6906,6906,N/A
"8145 Easton St, Houston, TX 77017","$304,999",Single family residence,4 ,"1,635",50,35,47
"10706 Carlota Ct, Houston, TX 77096","$448,880",Ranch,3 ,"1,800",10706,10706,10706
"1722 River Oaks Blvd, Houston, TX 77019","$20,000,000",Single family residence,5 ,"12,209",32,43,40
"9511 Chalford Dr, Houston, TX 77083","$265,000",Single family residence,3 ,"1,886",54,0,47
"10919 Berry Tree Dr, Houston, TX 77064","$230,000",Single family residence,3 ,"1,440",48,0,41
"5627 Azores, Houston, TX 77091","$355,900",Single family residence,3 ,"1,735",4,29,26
"9518 Kindletree Dr, Houston, TX 77040","$185,000",Single family residence,3 ,"2,151",40,0,55
"147 Greyfriar Dr, Houston, TX 77037","$229,000",Single family residence,3 ,"1,503",30,36,52
"2830 Maybrook Hollow Ln, Houston, TX 77047","$299,900",Single family residence,4 ,"2,360",2830,2830,N/A
"4514 Old Yale St D, Houston, TX 77018","$395,000",Single family residence,3 ,"1,554",54,47,71
"12607 Chandlers Way Dr, Houston, TX 77041","$460,000",Single family residence,4 ,"2,860",26,0,32
"4507 Sweet Madeline Ln, Houston, TX 77018","$1,350,000",Single family residence,4 ,"4,159",14,30,55
"5814 Cebra Rd, Houston, TX 77091","$384,900",Single family residence,3 ,"1,842",7,32,28
"18834 Appletree Hill Ln, Houston, TX 77084","$299,000",Single family residence,4 ,"2,032",9,0,N/A
"2105 Pueblito Dr, Houston, TX 77077","$449,990",Single family residence,3 ,"2,008",72,45,62
"4514 Old Yale St B, Houston, TX 77018","$395,000",Single family residence,3 ,"1,554",54,47,71
"1906 Laurel Springs Ln, Humble, TX 77339","$339,900",Single family residence,4 ,"2,110",27,0,35
"412 W 26th St, Houston, TX 77008","$874,900",Single family residence,5 ,"3,328",412,412,412
"18926 Crescent Bay Dr, Houston, TX 77094","$1,049,000",Single family residence,4 ,"4,549",1,0,28
"204 Stratford St, Houston, TX 77006","$1,400,000",Single family residence,5 ,"3,409",204,204,204
"40 Stillforest St, Houston, TX 77024","$7,990,000",Single family residence,6 ,"12,617",40,40,N/A
"14819 Twin Maple St, Houston, TX 77082","$410,000",Single family residence,5 ,"3,360",62,22,43
"14531 Dartwood Dr, Houston, TX 77049","$139,900",Single family residence,3 ,"1,457",9,0,32
"1818 Upland Lakes, Houston, TX 77043","$675,000",Single family residence,4 ,"3,670",19,29,46
"214 Canadian St, Houston, TX 77009","$439,000",Single family residence,4 ,"1,934",68,57,74
"3703 Rustic Haven Ct, Kingwood, TX 77345","$354,900",Single family residence,4 ,"2,857",5,0,32
"19527 Richland Springs Dr, Houston, TX 77073","$205,000",Single family residence,3 ,"1,392",19527,19527,N/A
"4510 Old Yale St B, Houston, TX 77018","$385,900",Single family residence,3 ,"1,463",54,47,71
"5338 Hidalgo St, Houston, TX 77056","$619,999",Single family residence,3 ,"3,014",5338,5338,5338
"16615 Rosillion Ct, Houston, TX 77095","$589,000",Single family residence,4 ,"4,025",16,0,N/A
"903 Lehman St D, Houston, TX 77018","$434,900",Single family residence,3 ,"1,857",42,44,40
"902 Cordell St A, Houston, TX 77009","$975,000",Single family residence,5 ,"3,009",63,57,73
"3614 Canvasback Ln, Houston, TX 77047","$270,000",Single family residence,3 ,"1,658",16,0,40
"906 Pear Tree Ln, Houston, TX 77073","$230,000",Single family residence,3 ,"2,101",22,35,33
"4512 Old Yale St A, Houston, TX 77018","$399,900",Single family residence,3 ,"1,541",54,47,71
"14911 Indian Quail Cir, Houston, TX 77095","$299,000",Single family residence,4 ,"2,282",34,0,40
"11117 Beinhorn Rd, Houston, TX 77024","$6,300,000",Single family residence,9 ,"15,148",37,25,37
"250 W Spreading Oak Dr, Houston, TX 77076","$258,000",Single family residence,4 ,"1,611",42,43,41
"2507 Shakespeare St C, Houston, TX 77030","$897,000",Single family residence,3 ,"2,353",2507,2507,2507
"5415 Cairnleigh Dr, Houston, TX 77084","$255,000",Single family residence,3 ,"1,828",13,0,32
"1926 Cochran St, Houston, TX 77009","$409,900",Single family residence,3 ,"1,695",72,55,62
"16915 Waycreek Rd, Houston, TX 77068","$275,000",Single family residence,4 ,"3,318",24,0,33
"3223 Boxelder Dr, Houston, TX 77082","$279,999",Single family residence,3 ,"1,963",46,29,39
"2015 King St, Houston, TX 77026","$165,000",Single family residence,2 ,"1,308",14,40,31
"4103 Donna Lynn Dr, Houston, TX 77092","$299,999",Ranch,3 ,"1,714",31,39,58
"328 E 39th St, Houston, TX 77018","$575,000",Single family residence,3 ,"2,133",328,328,328
"9233 Forest View St, Houston, TX 77078","$179,500",Ranch,3 ,"1,332",24,36,60
"1422 Willow Rock Rd, Houston, TX 77088","$199,999",Single family residence,3 ,"1,038",26,34,44
"16430 Regal Exeter Dr, Houston, TX 77073","$279,000",Single family residence,4 ,"2,092",37,20,36
"4510 Old Yale St A, Houston, TX 77018","$395,900",Single family residence,3 ,"1,468",54,47,71
"23 Forest Course Cir, Humble, TX 77339","$774,990",Single family residence,4 ,"3,713",22,N/A,31
"10618 Duane St, Houston, TX 77047","$166,000",Single family residence,3 ,882,46,36,52
"10127 White Oak Trail Ln, Houston, TX 77064","$449,999",Single family residence,5 ,"4,107",36,0,31
"7918 Battleoak Dr, Houston, TX 77040","$269,995",Single family residence,3 ,"1,161",8,0,28
"9230 Arvin St, Houston, TX 77028","$225,000",Single family residence,4 ,"1,520",46,43,45
"13602 Mansor Dr, Houston, TX 77041","$365,000",Single family residence,4 ,"2,728",43,0,40
"3031 Poplar Valley Way, Kingwood, TX 77345","$514,900",Single family residence,4 ,"2,858",33,0,33
"11823 Canyon Mills Dr, Houston, TX 77095","$619,000",Single family residence,4 ,"3,746",17,0,N/A
"4306 Fernwood Dr, Houston, TX 77021","$425,000",Single family residence,3 ,"1,968",52,55,90
"4950 White Oak Dr, Houston, TX 77007","$481,000",Single family residence,4 ,"2,698",83,44,83
"13706 Sandford Lake Cir, Houston, TX 77077","$1,325,000",Single family residence,5 ,"4,812",29,41,39
"11407 Montverde Ln, Houston, TX 77099","$269,900",Single family residence,3 ,"1,454",43,27,53
"917 W 17th St UNIT C, Houston, TX 77008","$435,000",Single family residence,3 ,"2,258",917,917,917
"13323 Southpoint Ln, Houston, TX 77034","$272,000",Single family residence,3 ,"1,804",9,0,28
"2905 Mooney Rd, Houston, TX 77093","$179,900",Ranch,3 ,"1,102",29,24,45
"13807 Clarks Fork Dr, Houston, TX 77086","$265,000",Single family residence,3 ,"1,575",13807,13807,N/A
"3515 Shadowwalk Dr, Houston, TX 77082","$400,000",Single family residence,4 ,"2,767",3515,3515,3515
"6427 Highland Pine Ln, Houston, TX 77091","$345,000",Single family residence,3 ,"2,088",28,37,33
"14219 Bonney Brier Dr, Houston, TX 77069","$2,495,000",Single family residence,4 ,"5,508",14219,14219,N/A
"8507 San Juanico St, Houston, TX 77044","$589,990",Single family residence,4 ,"3,043",0,0,25
"16914 Sunshine St, Houston, TX 77049","$134,999",Single family residence,4 ,"1,658",16914,16914,N/A
"1310 E 28th St, Houston, TX 77009","$549,900",Single family residence,3 ,"2,346",66,49,63
"903 Walton St, Houston, TX 77009","$590,000",Single family residence,3 ,"2,036",903,903,903
"1538 W 23rd St D, Houston, TX 77008","$455,000",Single family residence,3 ,"2,334",72,36,62
"1323 Ella Pl, Houston, TX 77008","$439,900",Single family residence,3 ,"2,433",50,35,47
"2414 Colton Hollow Dr, Houston, TX 77067","$205,000",Single family residence,3 ,"1,454",14,0,30
"2710 Hullsmith Dr 1303, Houston, TX 77063","$259,900",Townhouse,2 ,"1,501",75,51,48
"2296 Shadowdale Dr 307, Houston, TX 77043","$234,900",Townhouse,3 ,"2,138",2296,2296,2296
"2674 Sailboat Dr, Houston, TX 77058","$389,000",Townhouse,3 ,"2,855",23,0,36
"5437 Larkin St, Houston, TX 77007","$460,000",Townhouse,3 ,"1,917",69,41,52
"6014 Fairdale Ln, Houston, TX 77057","$350,000",Townhouse,3 ,"2,159",6014,6014,6014
"3415 Stanford St, Houston, TX 77006","$489,000",Townhouse,3 ,"2,059",3415,3415,3415
"620 N Eldridge Pkwy 10, Houston, TX 77079","$348,000",Townhouse,2 ,"2,398",620,620,620
"1919 Place Rebecca Ln UNIT H13, Houston, TX 77090","$142,000",Townhouse,2 ,"1,236",1919,1919,N/A
"2307 Berry St, Houston, TX 77004","$475,000",Townhouse,3 ,"2,306",2307,2307,2307
"17824 Kings Park Ln, Houston, TX 77058","$180,000",Townhouse,2 ,"1,350",36,26,50
"6200 W Tidwell Rd APT 305, Houston, TX 77092","$65,000",Townhouse,2 ,"1,133",30,37,35
"3951 Tanglewilde St, Houston, TX 77063","$149,900",Townhouse,2 ,"1,341",71,47,57
"2514 Maxroy St, Houston, TX 77007","$399,000",Townhouse,3 ,"2,367",2514,2514,2514
"3814 Center St, Houston, TX 77007","$402,000",Townhouse,3 ,"1,524",75,46,66
"12220 Beamer Rd, Houston, TX 77089","$179,000",Townhouse,2 ,"1,318",47,28,40
"1421 Springrock Ln 6, Houston, TX 77055","$159,000",Townhouse,2 ,"1,024",1421,1421,1421
"5747 Easthampton Dr UNIT D, Houston, TX 77039","$115,000",Townhouse,3 ,"1,511",31,33,43
"5630 Fairdale Ln APT 1, Houston, TX 77057","$318,000",Townhouse,3 ,"2,226",80,51,50
"6036 Kansas St, Houston, TX 77007","$474,900",Townhouse,3 ,"2,022",29,39,37
"17108 Beaver Springs Dr 8, Houston, TX 77090","$168,000",Townhouse,2 ,"1,440",77,34,50
"1215 Marconi St A, Houston, TX 77019","$515,000",Townhouse,3 ,"2,358",78,42,66
"3415 Robin Rose Ln, Houston, TX 77080","$425,000",Townhouse,3 ,"1,922",3,32,28
"10501 South Dr APT 298, Houston, TX 77099","$78,000",Townhouse,1 ,768,40,30,37
"5821 Sampley Way, Houston, TX 77092","$185,000",Townhouse,2 ,"1,568",5821,5821,5821
"11946 Ramla Place Trl, Houston, TX 77089","$240,000",Townhouse,3 ,"1,435",11946,11946,11946
"6200 W Tidwell Rd APT 1305, Houston, TX 77092","$114,000",Townhouse,2 ,"1,134",30,37,35
"8507 Wilcrest Dr, Houston, TX 77099","$135,000",Townhouse,2 ,"1,428",53,45,42
"9460 Briar Forest Dr, Houston, TX 77063","$550,000",Townhouse,3 ,"2,059",38,34,39
"7903 Bachwood Dr, Houston, TX 77040","$305,000",Townhouse,3 ,"2,332",47,0,41
"11506 Village Place Dr 106, Houston, TX 77077","$225,000",Townhouse,2 ,"1,812",69,48,51
"10600 S Gessner Dr 24, Houston, TX 77031","$84,999",Townhouse,2 ,"1,064",10600,10600,10600
"1004 La Rue St, Houston, TX 77019","$396,000",Townhouse,2 ,"1,931",88,51,67
"626 Augusta Dr 626, Houston, TX 77057","$335,000",Townhouse,2 ,"1,560",626,626,626
"1309 Bingham St UNIT A, Houston, TX 77007","$390,000",Townhouse,3 ,"2,177",66,65,81
"7238 S Dairy Ashford Rd, Houston, TX 77072","$194,700",Townhouse,3 ,"1,824",32,40,35
"1340 Fairview Ave, Houston, TX 77006","$495,000",Townhouse,2 ,"2,768",92,52,73
"722 Augusta Dr, Houston, TX 77057","$285,000",Townhouse,3 ,"1,702",722,722,722
"10762 Craighead Dr, Houston, TX 77025","$420,000",Townhouse,3 ,"2,050",28,37,38
"5524 Beverlyhill St APT 1, Houston, TX 77056","$219,000",Townhouse,2 ,"1,300",79,53,48
"2418 Dorrington St SUITE B, Houston, TX 77030","$430,000",Townhouse,2 ,"2,195",77,63,77
"8536 Dairy View Ln, Houston, TX 77072","$185,000",Townhouse,3 ,"1,566",42,41,43
"14146 Misty Meadow Ln, Houston, TX 77079","$310,000",Townhouse,3 ,"1,936",14146,14146,14146
"8723 Bryam St, Houston, TX 77061","$254,900",Townhouse,3 ,"2,025",33,36,34
"2823 Albany St, Houston, TX 77006","$497,900",Townhouse,3 ,"2,591",91,71,69
"2533 Calumet St, Houston, TX 77004","$410,000",Townhouse,3 ,"2,060",60,48,78
"9117 Imogene St 117, Houston, TX 77036","$120,000",Townhouse,2 ,980,50,45,41
"215 Riley Ln, Houston, TX 77003","$380,000",Townhouse,3 ,"2,039",67,69,76
"7018 Woodridge Square Dr, Houston, TX 77087","$234,900",Townhouse,2 ,"1,448",74,34,51
"8800 Woodway Dr APT 8, Houston, TX 77063","$849,500",Townhouse,3 ,"5,450",48,46,44
"2818 Capitol St, Houston, TX 77003","$435,000",Townhouse,3 ,"2,185",62,64,83
"727 Bunker Hill Rd APT 104, Houston, TX 77024","$500,000",Townhouse,4 ,"2,632",41,31,56
"12984 Greenway Chase Ct 2984, Houston, TX 77072","$165,900",Townhouse,2 ,"1,803",61,38,47
"606 W Pierce St, Houston, TX 77019","$524,000",Townhouse,3 ,"2,717",85,56,66
"2911 Helena St, Houston, TX 77006","$635,000",Townhouse,3 ,"2,761",2911,2911,2911
"2865 Westhollow Dr UNIT 107, Houston, TX 77082","$290,000",Townhouse,4 ,"2,583",39,38,38
"7797 Cook Rd, Houston, TX 77072","$129,900",Townhouse,2 ,"1,024",7797,7797,7797
"7575 Cambridge St APT 1703, Houston, TX 77054","$162,000",Townhouse,1 ,"1,192",40,51,66
"721 Delano St, Houston, TX 77003","$489,500",Townhouse,3 ,"2,811",62,64,83
"1122 Columbus St, Houston, TX 77019","$439,999",Townhouse,3 ,"2,197",1122,1122,1122
"1614 Norfolk St APT B, Houston, TX 77006","$679,900",Townhouse,3 ,"2,822",83,52,64
"2601 Augusta Dr APT 13, Houston, TX 77057","$219,000",Townhouse,2 ,"1,254",83,49,50
"5914 Kirby Dr, Houston, TX 77005","$675,000",Townhouse,3 ,"2,385",88,46,72
"13070 Trail Hollow Dr 7, Houston, TX 77079","$299,999",Townhouse,4 ,"2,274",57,34,46
"3972 Belle Park Dr, Houston, TX 77072","$139,000",Townhouse,2 ,"1,380",29,27,38
"9850 Pagewood Ln APT 107, Houston, TX 77042","$179,800",Townhouse,2 ,"1,520",59,49,53
"14422 Mooreview Ln, Houston, TX 77014","$217,000",Townhouse,3 ,"1,522",51,29,40
"2911 Meadowglen Crst, Houston, TX 77082","$297,000",Townhouse,4 ,"2,328",59,47,45
"201 Vanderpool Ln APT 137, Houston, TX 77024","$729,900",Townhouse,3 ,"3,726",49,41,32
"3300 Taft St UNIT B, Houston, TX 77006","$605,000",Townhouse,3 ,"3,150",90,65,77
"2513 Potomac Dr UNIT B, Houston, TX 77057","$580,000",Townhouse,3 ,"2,126",74,50,59
"727 Bunker Hill Rd APT 112, Houston, TX 77024","$315,000",Townhouse,3 ,"2,016",41,31,56
"5615 Winsome Ln UNIT C, Houston, TX 77057","$469,000",Townhouse,4 ,"2,996",74,51,51
"15600 Barkers Landing Rd APT 12, Houston, TX 77079","$650,000",Townhouse,3 ,"3,411",38,27,60
"1809 Hickory St, Houston, TX 77007","$465,000",Townhouse,3 ,"2,472",1809,1809,1809
"48 Milan Ests, Houston, TX 77056","$560,000",Townhouse,3 ,"2,494",80,53,58
"5857 Valley Forge Dr 110, Houston, TX 77057","$389,000",Townhouse,3 ,"1,872",5857,5857,5857
"1614-1614 Norfolk St A, Houston, TX 77006","$819,000",Townhouse,3 ,"3,337",83,52,64
"8314 Lamond Ln, Houston, TX 77095","$242,000",Townhouse,3 ,"1,637",29,0,36
"7834 Windward Passage St, Houston, TX 77072","$195,000",Townhouse,4 ,"1,412",23,41,32
"6200 W Tidwell Rd APT 2103, Houston, TX 77092","$70,000",Townhouse,2 ,"1,133",30,37,35
"506 Anita St, Houston, TX 77006","$899,900",Townhouse,2 ,"2,921",92,74,70
"5009 Gable Ln, Houston, TX 77066","$253,000",Townhouse,3 ,"1,920",5009,5009,N/A
"5917 Valley Forge Dr APT C, Houston, TX 77057","$525,000",Townhouse,3 ,"2,800",66,38,52
"5807 Valley Forge Dr 97, Houston, TX 77057","$500,000",Townhouse,3 ,"1,722",65,39,51
"2206 Potomac Dr C, Houston, TX 77057","$550,000",Townhouse,3 ,"2,581",75,44,50
"8638 Oakford Dr, Houston, TX 77024","$679,990",Townhouse,3 ,"3,011",35,56,49
"456 Wilcrest Dr, Houston, TX 77042","$229,000",Townhouse,2 ,"1,740",19,29,50
"6514 Minola St, Houston, TX 77007","$850,000",Townhouse,4 ,"3,244",55,39,50
"1608 W Webster St UNIT B, Houston, TX 77019","$575,000",Townhouse,3 ,"2,674",85,70,64
"144 Sugarberry Cir, Houston, TX 77024","$549,000",Townhouse,3 ,"3,030",19,32,25
"7414 Mount St, Houston, TX 77088","$230,000",Townhouse,3 ,"1,669",30,41,39
"201 Vanderpool Ln APT 124, Houston, TX 77024","$553,900",Townhouse,4 ,"2,760",49,41,32
"2020 Mason St, Houston, TX 77006","$495,000",Townhouse,3 ,"2,193",87,67,68
"542 Bomar St, Houston, TX 77006","$525,000",Townhouse,3 ,"2,280",87,57,69
"17 Robita St, Houston, TX 77019","$749,000",Townhouse,3 ,"3,298",70,60,78
"1716 S Gessner Rd, Houston, TX 77063","$323,000",Townhouse,2 ,"2,002",44,43,47
"2012 Rosedale St APT B, Houston, TX 77004","$499,000",Townhouse,3 ,"2,982",73,58,65
"2100 Wilcrest Dr APT 132, Houston, TX 77042","$138,000",Townhouse,2 ,"1,200",62,42,62
"605 W Polk St A, Houston, TX 77019","$546,186",Townhouse,3 ,"2,494",84,54,62
"7410 Mount St, Houston, TX 77088","$230,000",Townhouse,3 ,"1,669",30,41,39
"5634 San Felipe St, Houston, TX 77056","$1,200,000",Townhouse,3 ,"4,147",5634,5634,5634
"7267 Cook Rd, Houston, TX 77072","$145,000",Townhouse,2 ,992,48,39,40
"9031 Briar Forest Dr, Houston, TX 77024","$570,000",Townhouse,3 ,"2,684",19,34,16
"603-603 Link Rd G, Houston, TX 77009","$409,900",Townhouse,3 ,"1,805",72,55,80
"21331 Sierra Point Ln, Porter, TX 77365","$394,939",Townhouse,3 ,"1,604",0,N/A,25
"21459 Llano Grande Blvd, Porter, TX 77365","$336,990",Townhouse,3 ,"1,604",0,N/A,25
"7318 Honey Creek Ln, Porter, TX 77365","$373,810",Townhouse,3 ,"1,604",0,N/A,25
"5000 Longmont Dr APT 9, Houston, TX 77056","$875,000",Townhouse,3 ,"3,053",69,45,53
"2626 W Tidwell Rd B, Houston, TX 77091","$339,000",Townhouse,3 ,"1,642",9,30,30
"5907 Winsome Ln E, Houston, TX 77057","$855,000",Townhouse,3 ,"3,108",85,50,64
"4101 Maggie St 8, Houston, TX 77051","$350,000",Townhouse,3 ,"1,780",50,45,50
"4101 Maggie St 6, Houston, TX 77051","$350,000",Townhouse,3 ,"1,780",50,45,50
"21323 Sierra Point Ln, Porter, TX 77365","$400,706",Townhouse,3 ,"1,754",0,N/A,25
"1917 Potomac Dr UNIT C, Houston, TX 77057","$825,000",Townhouse,3 ,"3,556",75,35,50
"4216 Spencer St, Houston, TX 77007","$545,000",Townhouse,3 ,"2,001",78,48,66
"7223 Greenstone Rdg, Porter, TX 77365","$413,885",Townhouse,3 ,"1,979",0,N/A,25
"1701 Upland Dr APT 150, Houston, TX 77043","$1,000,000",Townhouse,2 ,"1,210",25,29,48
"1701 Upland Dr APT 148, Houston, TX 77043","$1,000,000",Townhouse,2 ,"1,210",25,29,48
"2808 Elm Grove Ct, Humble, TX 77339","$205,000",Townhouse,3 ,"1,408",2808,2808,2808
"638 Wilcrest Dr, Houston, TX 77042","$247,000",Townhouse,2 ,"1,740",40,28,50
"13687 Garden Grove Ct, Houston, TX 77082","$260,000",Townhouse,3 ,"2,079",26,35,37
"8055 Cambridge St APT 35, Houston, TX 77054","$145,000",Townhouse,2 ,888,46,49,87
"12255 Sharpview Dr 205, Houston, TX 77072","$150,000",Townhouse,3 ,"1,136",55,38,42
"666 Wilcrest Dr, Houston, TX 77042","$179,999",Townhouse,2 ,"1,740",666,666,666
"6122 W Airport Blvd, Houston, TX 77035","$158,000",Townhouse,2 ,"1,296",19,40,43
"1347 Chardonnay Dr, Houston, TX 77077","$267,000",Townhouse,3 ,"2,068",1347,1347,1347
"11000 Kinghurst Dr UNIT 106, Houston, TX 77099","$68,950",Townhouse,2 ,"1,008",31,26,45
"2421 Potomac Dr UNIT C, Houston, TX 77057","$435,000",Townhouse,3 ,"2,113",74,50,59
"2209 Sandman St, Houston, TX 77007","$449,000",Townhouse,3 ,"2,452",73,39,68
"8327 Nairn St, Houston, TX 77074","$122,000",Townhouse,3 ,"2,250",8327,8327,8327
"5625 Antoine Dr 309, Houston, TX 77092","$64,900",Townhouse,2 ,"1,131",58,40,49
"7901 Cambridge St APT 23, Houston, TX 77054","$125,000",Townhouse,1 ,627,40,50,86
"3433 Westheimer Rd PENTHOUSE 19W, Houston, TX 77027","$6,900,000",Condominium,4 ,"6,200",69,48,48
"5150 Hidalgo St UNIT 304, Houston, TX 77056","$310,000",Condominium,2 ,"1,427",76,54,50
"9350 Country Creek Dr APT 50, Houston, TX 77036","$64,500",Townhouse,1 ,684,71,42,48
"9797 Leawood Blvd APT 705, Houston, TX 77099","$89,900",Townhouse,2 ,"1,068",66,39,41
"10211 Sugar Branch Dr APT 410, Houston, TX 77036","$100,000",Townhouse,2 ,"1,002",46,43,42
"909 Silber Rd APT 24D, Houston, TX 77024","$110,000",Townhouse,1 ,594,56,50,49
"8100 Creekbend Dr APT 161, Houston, TX 77071","$69,000",Townhouse,2 ,937,37,41,41
"101 Stratford St APT 207, Houston, TX 77006","$186,500",Townhouse,2 ,868,91,73,69
"2001 Bering Dr APT 15G, Houston, TX 77057","$165,000",Townhouse,1 ,957,55,45,48
"1409 Post Oak Blvd UNIT 2204, Houston, TX 77056","$1,199,500",Condominium,3 ,"2,826",87,48,50
"17230 Imperial Valley Dr APT 70, Houston, TX 77060","$105,000",Townhouse,2 ,"1,276",62,53,68
"8100 Creekbend Dr APT 101, Houston, TX 77071","$89,000",Townhouse,3 ,"1,182",37,41,41
"3350 McCue Rd APT 1002, Houston, TX 77056","$399,000",Condominium,2 ,"1,955",64,54,45
"781 Country Place Dr APT 1019, Houston, TX 77079","$135,000",Townhouse,3 ,"1,764",79,27,50
"5625 Antoine Dr APT 606, Houston, TX 77091","$49,995",Townhouse,1 ,725,58,40,49
"3600 Montrose Blvd 103/202, Houston, TX 77006","$329,000",Condominium,2 ,"1,480",3600,3600,3600
"1717 W Webster St UNIT E, Houston, TX 77019","$675,000",Townhouse,3 ,"2,719",87,66,66
"3505 Sage Rd UNIT 602, Houston, TX 77056","$350,000",Condominium,2 ,"1,357",64,55,47
"5200 Weslayan St APT A314, Houston, TX 77005","$239,000",Townhouse,2 ,"1,080",83,45,64
"2400 N Braeswood Blvd APT 109, Houston, TX 77030","$259,000",Townhouse,2 ,"2,264",73,56,88
"4336 Center St, Houston, TX 77007","$380,000",Townhouse,3 ,"1,942",77,49,58
"1403 Blalock Rd APT 1, Houston, TX 77055","$139,900",Townhouse,2 ,"1,276",67,35,67
"2300 Old Spanish Trl APT 2083, Houston, TX 77054","$159,900",Townhouse,1 ,907,50,49,63
"2230 S Piney Point Rd APT 221, Houston, TX 77063","$140,000",Townhouse,1 ,611,39,46,36
"12633 Memorial Dr APT 131, Houston, TX 77024","$229,000",Townhouse,3 ,"1,152",32,37,35
"2205 McKinney St APT 403, Houston, TX 77003","$199,000",Condominium,1 ,789,82,88,70
"4200 Watson St APT 201, Houston, TX 77009","$200,000",Townhouse,1 ,663,72,49,57
"11623 Lakeside Park Dr 72, Houston, TX 77077","$175,000",Townhouse,2 ,"1,812",11623,11623,11623
"16800 Sugar Pine Dr APT D28, Houston, TX 77090","$149,000",Townhouse,2 ,"1,476",48,32,41
"8515 Hearth Dr APT 6, Houston, TX 77054","$110,000",Townhouse,2 ,"1,092",8515,8515,8515
"12550 Whittington Dr 4/408, Houston, TX 77077","$99,500",Townhouse,2 ,975,12550,12550,12550
"2803 Kings Crossing Dr APT 111, Kingwood, TX 77345","$249,900",Townhouse,3 ,"1,480",61,N/A,46
"11201 Lynbrook Dr APT 3508, Houston, TX 77042","$149,500",Townhouse,2 ,"1,108",53,35,57
"8055 Cambridge St APT 63, Houston, TX 77054","$137,700",Townhouse,2 ,975,46,49,87
"7555 Katy Fwy APT 135, Houston, TX 77024","$156,000",Townhouse,1 ,925,38,58,45
"1441 East St UNIT 204, Houston, TX 77007","$229,300",Townhouse,1 ,893,1441,N/A,N/A
"2216 Chenevert St UNIT 11, Houston, TX 77003","$254,900",Townhouse,2 ,"1,517",73,73,63
"8100 Leonora St APT N5, Houston, TX 77061","$70,000",Townhouse,2 ,"1,431",66,49,56
"260 El Dorado Blvd APT 503, Webster, TX 77598","$147,000",Townhouse,2 ,"1,278",70,N/A,49
"5001 Woodway Dr UNIT 404, Houston, TX 77056","$600,000",Condominium,3 ,"1,924",48,44,47
"10001 Westpark Dr APT 67, Houston, TX 77042","$109,995",Townhouse,2 ,"1,052",81,47,54
"1111 Bering Dr UNIT 1303A, Houston, TX 77057","$549,000",Condominium,3 ,"3,494",72,38,63
"7555 Katy Fwy APT 136, Houston, TX 77024","$145,000",Townhouse,1 ,"1,018",38,58,45
"1921 Stoney Brook Dr, Houston, TX 77063","$289,990",Townhouse,3 ,"2,044",73,36,50
"2000 Bagby St APT 9413, Houston, TX 77002","$300,000",Condominium,1 ,"1,346",89,83,56
"3809 N Braeswood Blvd APT 14, Houston, TX 77025","$175,000",Townhouse,2 ,"1,216",55,42,73
"6161 Reims Rd APT 920, Houston, TX 77036","$90,000",Townhouse,2 ,876,64,45,51
"2929 Buffalo Speedway A108, Houston, TX 77098","$399,000",Condominium,2 ,"2,834",85,53,52
"14777 Wunderlich Dr APT 708, Houston, TX 77069","$145,000",Townhouse,1 ,"1,055",29,18,35
"8034 Antoine Dr APT 130, Houston, TX 77088","$72,995",Townhouse,2 ,"1,002",41,35,39
"1211 Caroline St 808, Houston, TX 77002","$459,900",Townhouse,2 ,989,90,88,64
"515 Tallowood Rd UNIT 63, Houston, TX 77024","$285,000",Townhouse,3 ,"1,440",61,43,51
"6500 Harbor Town Dr APT 3106, Houston, TX 77036","$120,000",Townhouse,2 ,"1,108",27,49,42
"3231 Allen Pkwy APT 1106, Houston, TX 77019","$218,900",Townhouse,1 ,580,81,53,92
"1111 Bering Dr UNIT 1102, Houston, TX 77057","$314,999",Condominium,2 ,"1,452",66,40,54
"2814 S Bartell Dr APT 211, Houston, TX 77054","$74,900",Townhouse,1 ,700,52,35,45
"811 Lovett Blvd APT 12, Houston, TX 77006","$345,000",Townhouse,2 ,"1,275",93,60,77
"201 W Rosamond St APT 3, Houston, TX 77076","$99,000",Townhouse,2 ,864,51,41,37
"3302 Audley St SUITE 122, Houston, TX 77098","$399,000",Townhouse,2 ,"1,608",86,54,56
"1409 Chardonnay Dr, Houston, TX 77077","$150,000",Townhouse,3 ,"1,941",23,32,54
"10555 Turtlewood Ct UNIT 1907, Houston, TX 77072","$145,000",Townhouse,2 ,946,46,43,60
"1010 Rosine St APT 306, Houston, TX 77019","$330,000",Condominium,2 ,"1,300",86,52,76
"1515 Sandy Springs Rd 2801, Houston, TX 77042","$139,900",Townhouse,1 ,893,58,32,57
"2216 Chenevert St UNIT 9, Houston, TX 77003","$234,995",Townhouse,2 ,"1,655",73,73,63
"2300 Augusta Dr APT 15, Houston, TX 77057","$175,000",Townhouse,2 ,"1,028",82,47,50
"2111 Welch St APT A211, Houston, TX 77019","$337,900",Townhouse,2 ,"1,252",79,48,60
"7828 Rue Carre St 31, Houston, TX 77074","$159,000",Townhouse,3 ,"1,247",7828,7828,7828
"515 Tallowood Rd UNIT 51, Houston, TX 77024","$309,000",Townhouse,3 ,"1,440",61,43,51
"2626 Holly Hall St APT 506, Houston, TX 77054","$91,000",Townhouse,1 ,664,52,41,73
"2826 S Bartell Dr APT 34, Houston, TX 77054","$87,500",Townhouse,2 ,825,59,38,46
"2110 Wilcrest Dr APT 145, Houston, TX 77042","$105,000",Townhouse,1 ,780,2110,2110,2110
"2200 Willowick Rd UNIT 10K, Houston, TX 77027","$325,000",Condominium,1 ,"1,025",74,46,50
"2001 Holcombe Blvd UNIT 3505, Houston, TX 77030","$525,000",Condominium,2 ,"1,250",47,59,88
"3075 Walnut Bend Ln APT 38, Houston, TX 77042","$95,000",Townhouse,2 ,765,60,48,46
"3525 Sage Rd APT 802, Houston, TX 77056","$177,990",Condominium,1 ,794,61,55,47
"2520 Houston Ave 602A, Houston, TX 77009","$849,000",Condominium,2 ,"1,793",64,55,66
"1701 Hermann Dr 34L, Houston, TX 77004","$1,119,000",Condominium,3 ,"2,082",56,61,72
"2700 Albany St APT 2C, Houston, TX 77006","$350,000",Condominium,1 ,800,89,71,67
"705 Main St UNIT 303, Houston, TX 77002","$205,000",Condominium,1 ,784,99,88,64
"2800 Jeanetta St APT 704, Houston, TX 77063","$92,500",Townhouse,1 ,640,52,51,47
"2121 Hepburn St APT 719, Houston, TX 77054","$97,900",Townhouse,1 ,680,45,44,75
"3525 Sage Rd APT 616, Houston, TX 77056","$230,000",Condominium,2 ,"1,095",61,55,47
"9568 Windswept Ln, Houston, TX 77063","$157,000",Townhouse,3 ,"1,402",66,48,44
"5005 Hidalgo St UNIT 602, Houston, TX 77056","$1,195,000",Condominium,3 ,"3,308",78,54,60
"1901 Post Oak Blvd APT 3406, Houston, TX 77056","$249,900",Condominium,1 ,982,89,52,50
"1100 Uptown Park Blvd UNIT 244, Houston, TX 77056","$2,200,000",Condominium,3 ,"4,885",66,46,49
"2816 S Bartell Dr APT 5, Houston, TX 77054","$112,999",Townhouse,2 ,825,2816,2816,2816
"6200 W Tidwell Rd APT 402, Houston, TX 77092","$80,000",Townhouse,2 ,"1,133",30,37,35
"5220 Weslayan St, Houston, TX 77005","$226,750",Townhouse,2 ,"1,080",83,45,64
"15 Greenway Plz UNIT 6C, Houston, TX 77046","$370,000",Condominium,2 ,"1,262",82,46,57
"3218 Holly Hall St 3218, Houston, TX 77054","$198,000",Townhouse,2 ,"1,600",37,39,58
"3525 Sage Rd APT 318, Houston, TX 77056","$175,000",Condominium,1 ,776,61,55,47
"9700 Leawood Blvd 8/807, Houston, TX 77099","$75,000",Townhouse,1 ,776,62,39,41
"8405 Wilcrest Dr APT 1603, Houston, TX 77072","$70,000",Condominium,2 ,834,43,44,41
"2625 Marilee Ln APT 2, Houston, TX 77057","$139,900",Townhouse,2 ,916,69,50,50
"6804 Westview Dr 2408, Houston, TX 77055","$449,771",Condominium,2 ,"1,702",54,41,54
"9400 Bellaire Blvd UNIT 203, Houston, TX 77036","$228,800",Townhouse,2 ,"1,062",79,44,63
"1409 Post Oak Blvd UNIT 2301, Houston, TX 77056","$1,550,000",Condominium,4 ,"3,079",87,48,50
"1111 Caroline St APT 2814, Houston, TX 77010","$450,000",Condominium,1 ,972,91,100,77
"5150 Hidalgo St UNIT 1004, Houston, TX 77056","$350,000",Condominium,2 ,"1,427",76,54,50
"2200 Willowick Rd UNIT 11F, Houston, TX 77027","$369,000",Condominium,1 ,"1,025",74,46,50
"12500 Sandpiper Dr APT 34, Houston, TX 77035","$75,000",Townhouse,2 ,966,49,41,43
"9700 Leawood Blvd APT 1411, Houston, TX 77099","$96,500",Townhouse,2 ,"1,068",62,39,41
"2300 Old Spanish Trl APT 2066, Houston, TX 77054","$155,000",Townhouse,1 ,838,50,49,63
"6200 W Tidwell Rd APT 2708, Houston, TX 77092","$83,000",Townhouse,3 ,"1,373",30,37,35
"3388 Sage Rd UNIT 902, Houston, TX 77056","$650,000",Condominium,3 ,"2,155",69,55,50
"5801 Winsome Ln UNIT 202, Houston, TX 77057","$244,000",Townhouse,1 ,"1,317",83,51,50
"5925 Almeda Rd UNIT 12908, Houston, TX 77004","$649,000",Condominium,3 ,"1,836",66,52,69
"3505 Sage Rd UNIT 2309, Houston, TX 77056","$346,300",Condominium,2 ,"1,422",64,55,47
"5532 Beverlyhill St APT 2, Houston, TX 77056","$275,000",Townhouse,2 ,"1,428",79,53,48
"4950 Woodway Dr UNIT 406, Houston, TX 77056","$395,000",Condominium,2 ,"2,031",45,43,46
"5150 Hidalgo St UNIT 904, Houston, TX 77056","$325,000",Condominium,2 ,"1,427",76,54,50
"1901 S Voss Rd APT 33, Houston, TX 77057","$210,000",Townhouse,2 ,"1,156",82,33,50
"1207 Grand West Blvd 1F, Katy, TX 77449","$331,680",Townhouse,2 ,"1,078",19,N/A,35
"6804 Westview Dr 1403, Houston, TX 77055","$430,860",Condominium,2 ,"1,869",54,41,54
"3600 Jeanetta St APT 105, Houston, TX 77063","$180,000",Townhouse,2 ,"1,036",68,42,53
"1901 Post Oak Blvd APT 508, Houston, TX 77056","$354,900",Condominium,1 ,"1,137",89,52,50
"3505 Sage Rd UNIT 102, Houston, TX 77056","$289,900",Condominium,2 ,"1,357",64,55,47
"2727 Kirby Dr APT 16C, Houston, TX 77098","$1,300,000",Condominium,2 ,"1,835",93,53,57
"2727 Kirby Dr 18I, Houston, TX 77098","$3,500,000",Condominium,3 ,"4,427",93,53,57
"6955 Turtlewood Dr 515, Houston, TX 77072","$346,500",Townhouse,2 ,918,59,41,67
"6804 Westview Dr 1301, Houston, TX 77055","$410,196",Condominium,2 ,"1,702",54,41,54
"3525 Sage Rd APT 1110, Houston, TX 77056","$239,000",Condominium,2 ,"1,095",61,55,47
"7134 Mapleridge St UNIT 3E, Houston, TX 77081","$268,000",Condominium,2 ,"1,379",81,51,53
"9700 Leawood Blvd 1/104, Houston, TX 77099","$73,500",Townhouse,1 ,776,62,39,41
"1711 Old Spanish Trl APT 335, Houston, TX 77054","$285,000",Condominium,2 ,"1,293",67,69,69
"5150 Hidalgo St UNIT 405, Houston, TX 77056","$399,000",Condominium,2 ,"1,449",76,54,50
"3525 Sage Rd APT 716, Houston, TX 77056","$245,000",Condominium,2 ,"1,095",61,55,47
"6804 Westview Dr 1305, Houston, TX 77055","$412,963",Condominium,2 ,"1,529",54,41,54
"1409 Post Oak Blvd 1304, Houston, TX 77056","$1,235,000",Condominium,3 ,"2,826",87,48,50
"201 W Rosamond St APT 25, Houston, TX 77076","$99,000",Townhouse,1 ,864,51,41,37
"1600 Post Oak Blvd UNIT 1302, Houston, TX 77056","$614,900",Condominium,2 ,"1,502",90,49,50
"3350 McCue Rd 702, Houston, TX 77056","$379,000",Condominium,2 ,"1,955",64,54,45
"15 Greenway Plz UNIT 11F, Houston, TX 77046","$395,000",Condominium,2 ,"1,681",82,46,57
"49 Briar Hollow Ln UNIT 206, Houston, TX 77027","$639,000",Condominium,2 ,"1,753",58,34,56
"6955 Turtlewood Dr 105, Houston, TX 77072","$378,000",Condominium,2 ,"1,210",59,41,67
"9400 Bellaire Blvd UNIT 205, Houston, TX 77036","$229,900",Townhouse,2 ,"1,062",79,44,63
"201 W Rosamond St APT 55, Houston, TX 77076","$99,000",Townhouse,1 ,864,51,41,37
"201 W Rosamond St APT 13, Houston, TX 77076","$151,200",Townhouse,3 ,"1,320",51,41,37
"3525 Sage Rd APT 606, Houston, TX 77056","$172,000",Condominium,1 ,834,61,55,47
"3525 Sage Rd APT 607, Houston, TX 77056","$183,000",Condominium,1 ,834,61,55,47
"2240 Mimosa Dr PENTHOUSE 7W, Houston, TX 77019","$4,495,000",Condominium,3 ,"4,346",2240,2240,2240
"2240 Mimosa Dr PENTHOUSE 8E, Houston, TX 77019","$4,950,000",Condominium,3 ,"3,464",70,48,56
"2710 Steel St 605, Houston, TX 77098","$2,250,000",Condominium,2 ,"2,702",92,53,57
"5001 Woodway Dr UNIT 606, Houston, TX 77056","$475,000",Condominium,2 ,"1,534",48,44,47
"2240 Mimosa Dr 5E, Houston, TX 77019","$3,080,000",Condominium,3 ,"3,204",70,48,56
"2323 San Felipe St 1001, Houston, TX 77019","$2,300,000",Condominium,3 ,"3,014",70,48,56
"5656 San Felipe St 505, Houston, TX 77056","$1,695,000",Condominium,3 ,"2,166",72,42,57
"3100 Walnut Bend Ln APT 124, Houston, TX 77042","$118,000",Townhouse,1 ,"1,012",53,47,47
"2016 Main St 2601, Houston, TX 77002","$399,900",Condominium,3 ,"3,885",91,84,64
"5625 Antoine Dr 1203, Houston, TX 77092","$79,000",Townhouse,2 ,"1,025",58,40,49
"7901 Cambridge St APT 92, Houston, TX 77054","$125,000",Townhouse,1 ,627,40,50,86
"8100 Creekbend Dr APT 175, Houston, TX 77071","$75,000",Townhouse,2 ,937,37,41,41
"8787 Brae Acres Rd APT 824, Houston, TX 77074","$115,000",Townhouse,2 ,"1,090",8787,8787,8787
"2750 Holly Hall St APT 1408, Houston, TX 77054","$135,000",Townhouse,2 ,952,39,38,60
"16800 Sugar Pine Dr APT F45, Houston, TX 77090","$120,000",Townhouse,2 ,"1,074",48,32,41
"832 Wax Myrtle Ln, Houston, TX 77079","$295,000",Townhouse,4 ,"2,274",63,28,52
