,address,price,type,bed,sqft,walk,transit,bike,zipcodes
0,"4031 Wilderness Falls Trl, Humble, TX 77339","$369,900",Single family residence,2 ,"2,395",53.0,0.0,47.0,77339
1,"19410 Leafwood Ln, Houston, TX 77084","$220,000",Single family residence,3 ,"1,384",34.0,0.0,52.0,77084
2,"13219 Liliana Glen Ln, Houston, TX 77044","$242,500",Single family residence,3 ,"1,597",8.0,0.0,26.0,77044
3,"12806 Discipline Ave, Houston, TX 77014","$129,900",Ranch,3 ,"1,170",11.0,25.0,28.0,77014
4,"4959 Culmore Dr, Houston, TX 77021","$345,000",Single family residence,4 ,"1,925",50.0,54.0,56.0,77021
5,"1310 Blair St, Houston, TX 77008","$260,000",Single family residence,3 ,"1,296",75.0,43.0,60.0,77008
6,"803 Martin Rd A, Houston, TX 77018","$449,900",Single family residence,3 ,"1,861",39.0,47.0,43.0,77018
7,"1806 Royal Fern Ct, Houston, TX 77062","$1,089,500",Single family residence,5 ,"5,456",24.0,0.0,44.0,77062
8,"5850 Petty St, Houston, TX 77007","$495,000",Single family residence,4 ,"2,611",38.0,39.0,41.0,77007
9,"5606 Champions Glen Dr, Houston, TX 77069","$369,500",Single family residence,3 ,"2,794",16.0,0.0,30.0,77069
11,"1000 Kirby Dr, Houston, TX 77019","$15,995,000",Single family residence,10 ,"22,880",34.0,46.0,61.0,77019
14,"7138 Hollow Cedar Dr, Houston, TX 77049","$306,000",Single family residence,5 ,"3,159",18.0,0.0,32.0,77049
15,"6215 Maywood Forest Dr, Houston, TX 77088","$255,000",Single family residence,3 ,"1,990",31.0,33.0,34.0,77088
16,"4948 Leeland St, Houston, TX 77023","$429,900",Single family residence,2 ,"1,546",79.0,57.0,66.0,77023
17,"14042 Coveney Dr, Houston, TX 77090","$300,000",Single family residence,4 ,"2,905",15.0,24.0,28.0,77090
18,"3603 Glenwood Springs Dr, Kingwood, TX 77345","$260,000",Single family residence,4 ,"2,143",21.0,0.0,42.0,77345
19,"3915 Daphne St, Houston, TX 77021","$157,000",Ranch,2 ,"1,300",63.0,49.0,53.0,77021
20,"4508 Old Yale St G, Houston, TX 77018","$369,900",Single family residence,3 ,"1,574",53.0,47.0,73.0,77018
21,"2807 Sandberry Dr, Kingwood, TX 77345","$279,000",Single family residence,3 ,"1,964",45.0,0.0,36.0,77345
22,"306 Fellows Rd, Houston, TX 77047","$225,000",Single family residence,3 ,"2,096",20.0,0.0,31.0,77047
23,"5506 Willowbend Blvd, Houston, TX 77096","$529,999",Single family residence,3 ,"2,270",35.0,34.0,37.0,77096
24,"7719 Woodsman Trl, Houston, TX 77040","$220,000",Single family residence,3 ,"1,243",12.0,0.0,29.0,77040
25,"11811 Cassia Cir, Houston, TX 77065","$475,000",Single family residence,5 ,"3,700",12.0,0.0,28.0,77065
26,"1912 Courtney Lane Dr, Houston, TX 77042","$275,000",Single family residence,3 ,"1,471",71.0,35.0,64.0,77042
27,"5635 Teague Rd, Houston, TX 77041","$247,000",Single family residence,3 ,"1,152",50.0,38.0,41.0,77041
28,"1810 Lula St, Houston, TX 77009","$380,000",Single family residence,2 ,"1,060",53.0,53.0,59.0,77009
30,"15818 Crystal Brook Dr, Houston, TX 77068","$349,900",Single family residence,4 ,"3,174",11.0,0.0,41.0,77068
32,"21211 Tancah Ln, Houston, TX 77073","$275,000",Single family residence,5 ,"3,096",31.0,27.0,34.0,77073
33,"1515 Sandy Springs Rd 2605, Houston, TX 77042","$160,000",Townhouse,2 ,"1,225",58.0,32.0,57.0,77042
34,"615 W Drew St, Houston, TX 77006","$324,500",Townhouse,2 ,"1,122",88.0,59.0,74.0,77006
35,"2835 Hackamore Hollow Ln, Houston, TX 77014","$224,900",Townhouse,3 ,"1,683",19.0,27.0,29.0,77014
36,"5450 Crooms St, Houston, TX 77007","$430,000",Townhouse,3 ,"2,217",73.0,45.0,45.0,77007
37,"915 E Heights Hollow Ln, Houston, TX 77007","$350,000",Townhouse,2 ,"1,644",78.0,49.0,75.0,77007
38,"176 Litchfield Ln, Houston, TX 77024","$399,900",Townhouse,3 ,"3,770",46.0,39.0,30.0,77024
39,"246 Litchfield Ln, Houston, TX 77024","$330,000",Townhouse,2 ,"1,701",43.0,39.0,26.0,77024
40,"1727 Stacy Crst, Houston, TX 77008","$399,900",Townhouse,3 ,"2,510",62.0,35.0,54.0,77008
41,"6435 W Linpar Ct, Houston, TX 77040","$280,000",Townhouse,3 ,"2,278",40.0,30.0,36.0,77040
42,"6633 W Airport Blvd APT 101, Houston, TX 77035","$125,000",Townhouse,2 ,"1,584",54.0,41.0,40.0,77035
43,"2940 Meadowgrass Ln, Houston, TX 77082","$180,000",Townhouse,3 ,"1,480",36.0,38.0,40.0,77082
44,"16800 Sugar Pine Dr APT B15, Houston, TX 77090","$139,990",Townhouse,2 ,"1,476",48.0,32.0,41.0,77090
45,"185 Asbury St, Houston, TX 77007","$439,900",Townhouse,2 ,"2,242",69.0,44.0,37.0,77007
46,"10000 Westview Dr 6, Houston, TX 77055","$159,900",Townhouse,2 ,"1,324",66.0,45.0,56.0,77055
47,"7910 Grove Ridge Dr 7, Houston, TX 77061","$90,000",Townhouse,2 ,"1,122",56.0,46.0,52.0,77061
48,"2417 Dorrington St UNIT B, Houston, TX 77030","$585,000",Townhouse,3 ,"2,710",85.0,65.0,90.0,77030
49,"2968 Gessner Rd, Houston, TX 77080","$277,500",Townhouse,5 ,"2,888",69.0,40.0,61.0,77080
50,"9706 Farragut St, Houston, TX 77078","$129,000",Townhouse,3 ,"1,104",3.0,35.0,29.0,77078
51,"15151 Kimberley Ct 34, Houston, TX 77079","$350,000",Townhouse,4 ,"2,152",57.0,32.0,72.0,77079
52,"2358 Commerce St, Houston, TX 77003","$424,900",Townhouse,3 ,"2,050",67.0,69.0,76.0,77003
53,"1117 Buckner St, Houston, TX 77019","$369,000",Townhouse,2 ,"1,800",80.0,89.0,78.0,77019
54,"2600 Nantucket Dr C, Houston, TX 77057","$374,900",Townhouse,3 ,"1,845",83.0,50.0,50.0,77057
55,"3330 Las Palmas St APT 22, Houston, TX 77027","$297,000",Townhouse,2 ,"1,302",75.0,52.0,53.0,77027
56,"1022 Enclave Sq N, Houston, TX 77077","$337,800",Townhouse,3 ,"2,033",61.0,32.0,73.0,77077
57,"9850 Pagewood Ln APT 1808, Houston, TX 77042","$166,000",Townhouse,2 ,"1,520",59.0,49.0,53.0,77042
58,"9123 Monarch Mist Ln, Houston, TX 77070","$283,000",Townhouse,3 ,"2,030",44.0,0.0,45.0,77070
59,"14333 Memorial Dr APT 5, Houston, TX 77079","$220,000",Townhouse,3 ,"1,840",79.0,27.0,60.0,77079
60,"6633 W Airport Blvd 309, Houston, TX 77035","$110,000",Townhouse,2 ,"1,305",54.0,41.0,40.0,77035
61,"2625 Marilee Ln APT 1, Houston, TX 77057","$149,000",Townhouse,2 ,916,69.0,50.0,50.0,77057
62,"1101 Missouri St, Houston, TX 77006","$620,000",Townhouse,3 ,"3,032",94.0,52.0,77.0,77006
63,"7350 Kirby Dr APT 11, Houston, TX 77030","$299,000",Townhouse,2 ,"1,747",73.0,55.0,92.0,77030
64,"2505 Bering Dr UNIT 9, Houston, TX 77057","$199,999",Townhouse,1 ,"1,116",69.0,49.0,53.0,77057
65,"12247 Lemon Ridge Ln 122, Houston, TX 77035","$131,900",Townhouse,3 ,"1,244",50.0,40.0,41.0,77035
66,"12625 Memorial Dr APT 56, Houston, TX 77024","$319,900",Townhouse,3 ,"1,701",53.0,34.0,50.0,77024
67,"8320 Wild Rose St APT 15B, Houston, TX 77083","$120,000",Townhouse,2 ,"1,198",38.0,41.0,39.0,77083
68,"5110 Eigel St, Houston, TX 77007","$475,000",Townhouse,3 ,"2,681",84.0,45.0,52.0,77007
69,"3413 Robin Rose Ln, Houston, TX 77080","$410,000",Townhouse,3 ,"1,925",3.0,32.0,28.0,77080
70,"1305 Mayfair Clarkson Ln, Houston, TX 77055","$485,000",Townhouse,3 ,"2,364",28.0,48.0,51.0,77055
71,"8618 La Fonte St, Houston, TX 77024","$625,000",Townhouse,3 ,"2,772",35.0,60.0,49.0,77024
72,"14515 Wunderlich Dr UNIT 315, Houston, TX 77069","$155,000",Townhouse,2 ,"1,331",11.0,26.0,31.0,77069
73,"6602 Wanita Pl A, Houston, TX 77007","$1,375,000",Townhouse,4 ,"3,859",55.0,38.0,48.0,77007
74,"234 Detering St, Houston, TX 77007","$500,000",Townhouse,3 ,"2,348",74.0,47.0,58.0,77007
75,"4306 Center St, Houston, TX 77007","$599,000",Townhouse,4 ,"2,462",77.0,49.0,58.0,77007
76,"13932 Hollowgreen Dr 26, Houston, TX 77082","$166,999",Townhouse,2 ,"1,254",56.0,32.0,44.0,77082
77,"306 Fargo St, Houston, TX 77006","$429,900",Townhouse,3 ,"2,535",79.0,66.0,68.0,77006
78,"2204 Whitney St, Houston, TX 77006","$599,000",Townhouse,3 ,"2,394",88.0,59.0,74.0,77006
79,"1615 Prairie Mark Ln, Houston, TX 77077","$215,000",Townhouse,2 ,"1,460",25.0,33.0,56.0,77077
80,"11201 Lynbrook Dr APT 3202, Houston, TX 77042","$170,000",Townhouse,2 ,"1,225",53.0,35.0,57.0,77042
81,"1010 Columbus St, Houston, TX 77019","$450,000",Townhouse,2 ,"1,968",86.0,50.0,64.0,77019
82,"12215 W Village Dr UNIT A, Houston, TX 77039","$114,900",Townhouse,2 ,"1,135",37.0,34.0,44.0,77039
83,"2114 Stacy Gln, Houston, TX 77008","$450,000",Townhouse,4 ,"2,551",62.0,36.0,54.0,77008
84,"4229 Purdue St APT 2, Houston, TX 77005","$550,000",Townhouse,3 ,"2,222",65.0,44.0,62.0,77005
85,"13102 Cressida Glen Ln, Houston, TX 77072","$219,900",Townhouse,3 ,"1,729",30.0,44.0,36.0,77072
86,"2427 Kingston St 2527, Houston, TX 77019","$545,000",Townhouse,3 ,"2,512",90.0,51.0,61.0,77019
87,"7604 Del Monte Dr, Houston, TX 77063","$457,000",Townhouse,3 ,"2,558",72.0,44.0,49.0,77063
88,"3238 Holly Hall St, Houston, TX 77054","$210,000",Townhouse,2 ,"1,600",19.0,38.0,44.0,77054
89,"607 Sierra Breeze, Houston, TX 77094","$388,500",Townhouse,3 ,"2,183",26.0,0.0,42.0,77094
90,"5507 Darling St, Houston, TX 77007","$469,500",Townhouse,3 ,"2,348",61.0,41.0,43.0,77007
91,"26 Sugarberry Cir, Houston, TX 77024","$750,000",Townhouse,3 ,"3,137",18.0,33.0,20.0,77024
92,"2919 Helena St, Houston, TX 77006","$438,000",Townhouse,2 ,"2,602",91.0,73.0,69.0,77006
93,"6308 Taggart St B, Houston, TX 77007","$635,000",Townhouse,3 ,"2,656",74.0,41.0,54.0,77007
94,"6434 Burgoyne Rd 109, Houston, TX 77057","$329,000",Townhouse,3 ,"1,804",63.0,48.0,48.0,77057
95,"3970 Belle Park Dr 3970, Houston, TX 77072","$215,000",Townhouse,3 ,"1,664",29.0,27.0,38.0,77072
96,"403 Roy St, Houston, TX 77007","$480,000",Townhouse,2 ,"2,032",80.0,48.0,66.0,77007
97,"14662 Perthshire Rd APT D, Houston, TX 77079","$269,900",Townhouse,3 ,"1,978",74.0,32.0,50.0,77079
98,"8122 Singing Sonnet Ln, Houston, TX 77072","$239,900",Townhouse,3 ,"1,751",29.0,43.0,38.0,77072
99,"503 Detering St, Houston, TX 77007","$480,000",Townhouse,3 ,"2,424",82.0,46.0,60.0,77007
100,"600 Wilcrest Dr APT 28, Houston, TX 77042","$250,000",Townhouse,2 ,"1,864",36.0,25.0,49.0,77042
101,"12720 Dairy Brook Dr, Houston, TX 77099","$190,000",Townhouse,3 ,"1,517",59.0,41.0,50.0,77099
102,"3316 Timbergrove Heights St, Houston, TX 77008","$579,900",Townhouse,3 ,"2,278",32.0,35.0,42.0,77008
103,"2313 Nantucket Dr B, Houston, TX 77057","$450,000",Townhouse,3 ,"2,228",78.0,46.0,50.0,77057
104,"5907 Winsome Ln C, Houston, TX 77057","$759,000",Townhouse,3 ,"2,758",85.0,50.0,64.0,77057
105,"5214 Sagecircle St S, Houston, TX 77056","$649,900",Townhouse,4 ,"2,993",66.0,55.0,47.0,77056
106,"5211 Sagecircle St N, Houston, TX 77056","$657,000",Townhouse,3 ,"3,000",66.0,55.0,47.0,77056
107,"14704 Perthshire Rd UNIT A, Houston, TX 77079","$275,000",Townhouse,3 ,"1,978",58.0,29.0,51.0,77079
109,"805 Bringhurst St, Houston, TX 77020","$515,000",Townhouse,3 ,"2,169",37.0,43.0,52.0,77020
110,"2121 Kirby Dr UNIT 33, Houston, TX 77019","$10,500,000",Condominium,4 ,"12,827",79.0,48.0,55.0,77019
111,"1211 Caroline St UNIT 1903, Houston, TX 77002","$1,650,000",Condominium,3 ,"2,579",90.0,88.0,64.0,77002
112,"2355 Briarwest Blvd, Houston, TX 77077","$192,000",Townhouse,3 ,"1,370",51.0,45.0,54.0,77077
113,"12500 Sandpiper Dr APT 183, Houston, TX 77035","$68,000",Townhouse,2 ,966,49.0,41.0,43.0,77035
114,"3501 Chenevert St APT 17, Houston, TX 77004","$315,000",Townhouse,3 ,"1,507",70.0,62.0,76.0,77004
115,"2829 Timmons Ln APT 120, Houston, TX 77027","$290,000",Townhouse,2 ,"1,226",78.0,48.0,50.0,77027
116,"2203 Dorrington St APT 407, Houston, TX 77030","$299,000",Condominium,2 ,"1,158",77.0,73.0,99.0,77030
117,"5217 Arboles Dr A, Houston, TX 77035","$130,000",Townhouse,2 ,"1,394",55.0,42.0,43.0,77035
118,"17202 Imperial Valley Dr APT 20, Houston, TX 77060","$79,900",Townhouse,1 ,872,57.0,53.0,68.0,77060
119,"2001 Holcombe Blvd UNIT 305, Houston, TX 77030","$320,000",Condominium,2 ,"1,250",47.0,59.0,88.0,77030
120,"8221 Kingsbrook Rd APT 209, Houston, TX 77024","$175,000",Townhouse,2 ,"1,052",49.0,35.0,43.0,77024
121,"2100 Tanglewilde St APT 211, Houston, TX 77063","$148,000",Townhouse,2 ,"1,200",51.0,43.0,46.0,77063
122,"5104 Caroline St 502, Houston, TX 77004","$1,250,000",Condominium,2 ,"2,673",81.0,65.0,81.0,77004
123,"4041 Law St APT 405, Houston, TX 77005","$227,000",Townhouse,2 ,"1,042",81.0,44.0,63.0,77005
124,"5925 Almeda Rd UNIT 12113, Houston, TX 77004","$235,800",Townhouse,1 ,748,66.0,52.0,69.0,77004
125,"6410 Ferris Dr APT 22, Houston, TX 77081","$215,000",Townhouse,2 ,"1,120",76.0,50.0,54.0,77081
126,"2120 Kipling St APT 203, Houston, TX 77098","$425,000",Condominium,2 ,"1,636",92.0,52.0,69.0,77098
127,"12633 Memorial Dr APT 90, Houston, TX 77024","$235,000",Townhouse,2 ,"1,389",32.0,37.0,35.0,77024
128,"15 Greenway Plz PENTHOUSE 27A, Houston, TX 77046","$1,299,000",Condominium,3 ,"3,017",82.0,46.0,57.0,77046
129,"2520 Robinhood St APT 804, Houston, TX 77005","$419,000",Condominium,2 ,"1,614",87.0,46.0,70.0,77005
130,"2047 Westcreek Ln 708, Houston, TX 77027","$998,500",Condominium,2 ,"1,630",66.0,52.0,51.0,77027
131,"1211 Caroline St UNIT 1003, Houston, TX 77002","$486,000",Condominium,2 ,"1,178",90.0,88.0,64.0,77002
132,"5625 Antoine Dr 607, Houston, TX 77092","$45,000",Townhouse,1 ,725,58.0,40.0,49.0,77092
133,"2205 McKinney St APT 306, Houston, TX 77003","$215,000",Condominium,1 ,822,82.0,88.0,70.0,77003
134,"914 Main St UNIT 1201, Houston, TX 77002","$1,495,000",Condominium,3 ,"3,739",95.0,88.0,62.0,77002
135,"21 Briar Hollow Ln UNIT 504, Houston, TX 77027","$300,000",Condominium,2 ,"1,464",60.0,47.0,48.0,77027
136,"12500 Sandpiper Dr APT 200, Houston, TX 77035","$75,000",Townhouse,2 ,966,49.0,41.0,43.0,77035
137,"2300 Old Spanish Trl APT 1062, Houston, TX 77054","$155,000",Townhouse,2 ,815,50.0,49.0,63.0,77054
138,"1616 Fountain View Dr APT 611, Houston, TX 77057","$1,150,000",Condominium,3 ,"3,170",76.0,37.0,61.0,77057
139,"2300 Old Spanish Trl APT 2093, Houston, TX 77054","$160,000",Townhouse,1 ,907,50.0,49.0,63.0,77054
140,"9333 Memorial Dr APT 216, Houston, TX 77024","$329,000",Condominium,2 ,"1,599",45.0,45.0,41.0,77024
141,"2001 Holcombe Blvd UNIT 406, Houston, TX 77030","$398,500",Condominium,3 ,"1,649",47.0,59.0,88.0,77030
142,"1201 McDuffie St UNIT 198, Houston, TX 77019","$399,000",Townhouse,2 ,"1,300",83.0,43.0,68.0,77019
143,"8405 Wilcrest Dr APT 1203, Houston, TX 77072","$99,900",Townhouse,2 ,834,43.0,44.0,41.0,77072
144,"1600 Post Oak Blvd UNIT 1605, Houston, TX 77056","$985,000",Condominium,3 ,"1,952",90.0,49.0,50.0,77056
145,"1901 Post Oak Blvd APT 1114, Houston, TX 77056","$319,000",Condominium,1 ,869,89.0,52.0,50.0,77056
146,"7520 Hornwood Dr 15, Houston, TX 77036","$110,000",Condominium,2 ,"1,114",72.0,49.0,51.0,77036
147,"3030 Post Oak Blvd UNIT 413, Houston, TX 77056","$1,299,000",Condominium,2 ,"3,388",74.0,53.0,53.0,77056
148,"361 N Post Oak Ln APT 144, Houston, TX 77024","$169,999",Townhouse,1 ,"1,092",26.0,55.0,61.0,77024
149,"6701 Sands Point Dr APT 55, Houston, TX 77074","$186,000",Townhouse,2 ,"1,010",50.0,51.0,50.0,77074
150,"1077 Country Place Dr, Houston, TX 77079","$230,000",Townhouse,3 ,"2,024",57.0,25.0,47.0,77079
151,"5625 Antoine Dr APT 202, Houston, TX 77091","$56,000",Townhouse,1 ,725,58.0,40.0,49.0,77091
152,"14 Greenway Plz UNIT 16Q, Houston, TX 77046","$359,000",Condominium,2 ,"1,681",82.0,52.0,64.0,77046
153,"3525 Sage Rd APT 908, Houston, TX 77056","$159,500",Condominium,1 ,794,61.0,55.0,47.0,77056
154,"10555 Turtlewood Ct UNIT 1110, Houston, TX 77072","$139,995",Townhouse,2 ,978,46.0,43.0,60.0,77072
155,"2205 McKinney St APT 515, Houston, TX 77003","$350,000",Condominium,1 ,"1,097",82.0,88.0,70.0,77003
157,"3505 Sage Rd UNIT 806, Houston, TX 77056","$269,000",Condominium,2 ,"1,196",64.0,55.0,47.0,77056
158,"5711 Sugar Hill Dr APT 94, Houston, TX 77057","$130,000",Townhouse,1 ,828,59.0,36.0,56.0,77057
159,"49 Briar Hollow Ln UNIT 406, Houston, TX 77027","$349,900",Condominium,2 ,"1,753",58.0,34.0,56.0,77027
160,"6955 Turtlewood Dr 605, Houston, TX 77072","$351,750",Townhouse,1 ,674,59.0,41.0,67.0,77072
161,"9029 Gaylord Dr APT 124, Houston, TX 77024","$129,000",Townhouse,1 ,672,52.0,28.0,41.0,77024
162,"2601 Bellefontaine St APT C202, Houston, TX 77025","$120,000",Townhouse,1 ,744,82.0,55.0,92.0,77025
163,"201 W Rosamond St APT 22, Houston, TX 77076","$101,700",Townhouse,2 ,888,51.0,41.0,37.0,77076
164,"6417 Bayou Glen Rd, Houston, TX 77057","$225,000",Townhouse,2 ,981,38.0,32.0,45.0,77057
167,"2820 S Bartell Dr APT 211, Houston, TX 77054","$80,000",Townhouse,1 ,780,52.0,35.0,45.0,77054
168,"220 Avondale St, Houston, TX 77006","$679,000",Townhouse,3 ,"2,808",78.0,72.0,73.0,77006
169,"6804 Westview Dr 1105, Houston, TX 77055","$413,436",Condominium,2 ,"1,529",54.0,41.0,54.0,77055
170,"5100 San Felipe St UNIT 253, Houston, TX 77056","$465,000",Condominium,1 ,"1,729",88.0,49.0,52.0,77056
171,"4521 San Felipe St UNIT 1203, Houston, TX 77027","$825,000",Condominium,2 ,"1,573",74.0,51.0,50.0,77027
172,"6955 Turtlewood Dr UNIT 602, Houston, TX 77072","$460,000",Townhouse,2 ,"1,019",59.0,41.0,67.0,77072
173,"201 W Rosamond St APT 16, Houston, TX 77076","$101,700",Townhouse,2 ,888,51.0,41.0,37.0,77076
174,"10855 Meadowglen Ln APT 722, Houston, TX 77042","$135,000",Townhouse,2 ,889,60.0,49.0,44.0,77042
175,"2300 Old Spanish Trl APT 2094, Houston, TX 77054","$155,000",Townhouse,1 ,838,50.0,49.0,63.0,77054
176,"6955 Turtlewood Dr 207, Houston, TX 77072","$388,500",Townhouse,2 ,"1,210",59.0,41.0,67.0,77072
177,"201 W Rosamond St APT 50, Houston, TX 77076","$120,900",Townhouse,2 ,"1,056",51.0,41.0,37.0,77076
178,"3525 Sage Rd APT 1517, Houston, TX 77056","$665,000",Condominium,3 ,"2,661",61.0,55.0,47.0,77056
179,"1516 Bay Area Blvd APT Q2, Houston, TX 77058","$119,900",Townhouse,2 ,988,55.0,0.0,67.0,77058
180,"6804 Westview Dr 2106, Houston, TX 77055","$451,273",Condominium,2 ,"1,869",54.0,41.0,54.0,77055
181,"150 Gessner Rd UNIT 7D, Houston, TX 77024","$475,000",Condominium,2 ,"1,865",35.0,41.0,36.0,77024
182,"5110 San Felipe St UNIT 141, Houston, TX 77056","$610,000",Condominium,2 ,"2,030",85.0,44.0,55.0,77056
183,"6955 Turtlewood Dr 520, Houston, TX 77072","$252,000",Townhouse,1 ,640,59.0,41.0,67.0,77072
184,"5555 Del Monte Dr UNIT 2303, Houston, TX 77056","$530,000",Condominium,2 ,"2,730",68.0,51.0,57.0,77056
185,"3433 Westheimer Rd 405, Houston, TX 77027","$2,650,000",Condominium,2 ,"2,853",69.0,48.0,48.0,77027
186,"8521 Hearth Dr APT 2, Houston, TX 77054","$85,900",Townhouse,2 ,"1,092",48.0,35.0,45.0,77054
187,"10555 Turtlewood Ct UNIT 1601, Houston, TX 77072","$165,000",Townhouse,2 ,"1,093",46.0,43.0,60.0,77072
188,"5656 San Felipe St 1003, Houston, TX 77056","$1,895,000",Condominium,2 ,"2,030",72.0,42.0,57.0,77056
189,"5656 San Felipe St 1601, Houston, TX 77056","$3,845,000",Condominium,3 ,"3,067",72.0,42.0,57.0,77056
190,"2047 Westcreek Ln UNIT 701, Houston, TX 77027","$1,100,000",Condominium,2 ,"1,931",66.0,52.0,51.0,77027
191,"5656 San Felipe St 601, Houston, TX 77056","$2,095,000",Condominium,3 ,"2,509",72.0,42.0,57.0,77056
192,"1600 Post Oak Blvd UNIT 902, Houston, TX 77056","$1,035,000",Condominium,3 ,"2,735",90.0,49.0,50.0,77056
193,"10810 Telephone Rd TRAILER 433, Houston, TX 77075","$70,000",Manufactured home,3 ,"1,792",27.0,0.0,32.0,77075
194,"7702 Moline St, Houston, TX 77087","$210,000",Manufactured home,3 ,"1,795",63.0,40.0,59.0,77087
195,"14630 Texarkana St, Houston, TX 77015","$249,900",Manufactured home,4 ,"1,768",57.0,0.0,38.0,77015
196,"14203 Coveney Dr, Houston, TX 77090","$292,800",Manufactured home,4 ,"2,683",12.0,23.0,30.0,77090
197,"855 Gateside Dr, Houston, TX 77032","$169,888",Manufactured home,4 ,"1,760",9.0,30.0,28.0,77032
198,"9426 Grand Isle Ct, Houston, TX 77044","$70,000",Manufactured home,3 ,"1,280",5.0,14.0,26.0,77044
199,"989 Ringold St, Houston, TX 77088","$363,000",Manufactured home,3 ,"1,476",43.0,41.0,35.0,77088
200,"14003 Villagrove Dr, Houston, TX 77049","$155,000",Manufactured home,2 ,"1,088",10.0,0.0,27.0,77049
201,"4942 Scenic Woods Trl, Kingwood, TX 77345","$364,990",Single family residence,4 ,"3,172",8.0,0.0,25.0,77345
202,"6938 New York St A-B, Houston, TX 77021","$359,000",Duplex,6 ,"3,992",53.0,44.0,43.0,77021
203,"15426 Baxter Ave, Houston, TX 77084","$375,000",Single family residence,5 ,"2,481",59.0,0.0,41.0,77084
204,"10230 Dawson Hill Ln, Houston, TX 77044","$265,000",Single family residence,3 ,"1,795",0.0,0.0,26.0,77044
205,"12203 Briar Forest Dr, Houston, TX 77077","$369,000",Single family residence,3 ,"2,790",38.0,30.0,47.0,77077
206,"6996 Oakwood Place Ct E, Houston, TX 77040","$310,000",Single family residence,3 ,"2,536",6.0,22.0,31.0,77040
207,"10519 Laneview Dr, Houston, TX 77070","$375,000",Single family residence,4 ,"2,779",13.0,24.0,52.0,77070
208,"6723 New York St, Houston, TX 77021","$285,000",Single family residence,3 ,"1,887",60.0,43.0,54.0,77021
209,"8323 Field Sparrow Trl, Houston, TX 77049","$320,000",Single family residence,4 ,"2,369",5.0,0.0,27.0,77049
210,"6402 Laurel Run, Houston, TX 77084","$349,000",Single family residence,4 ,"2,489",23.0,0.0,30.0,77084
211,"7931 Hollow Hook Rd, Houston, TX 77041","$244,375",Single family residence,3 ,"1,402",34.0,34.0,36.0,77041
212,"12443 Honeywood Trl, Houston, TX 77077","$470,000",Single family residence,5 ,"3,280",53.0,32.0,63.0,77077
213,"15406 Wandering Creek Trl, Houston, TX 77044","$320,000",Single family residence,4 ,"2,836",3.0,0.0,25.0,77044
214,"15614 Rio Del Sol Dr, Houston, TX 77083","$229,990",Single family residence,3 ,"1,876",8.0,20.0,32.0,77083
216,"7730 Bradford St, Houston, TX 77087","$295,000",Single family residence,4 ,"1,689",61.0,39.0,49.0,77087
217,"12906 Birch Falls Rd, Houston, TX 77065","$345,000",Single family residence,4 ,"2,408",17.0,7.0,30.0,77065
218,"19223 Ruble Dr, Houston, TX 77084","$269,900",Single family residence,3 ,"1,636",32.0,0.0,60.0,77084
219,"16914 Elmwood Glen Ct, Houston, TX 77095","$334,000",Single family residence,4 ,"2,528",14.0,0.0,28.0,77095
220,"7711 Dashwood Dr, Houston, TX 77036","$319,000",Single family residence,4 ,"2,272",78.0,55.0,57.0,77036
221,"9611 Guest St, Houston, TX 77078","$160,000",Ranch,3 ,"1,518",52.0,44.0,49.0,77078
222,"1003 Vest Ct, Houston, TX 77073","$280,000",Single family residence,4 ,"2,328",13.0,26.0,31.0,77073
223,"11114 Sageheather Dr, Houston, TX 77089","$199,900",Single family residence,3 ,"1,470",49.0,28.0,44.0,77089
224,"15914 Hidden Cv, Houston, TX 77079","$757,000",Single family residence,3 ,"4,415",47.0,34.0,42.0,77079
225,"1678 Beaconshire Rd, Houston, TX 77077","$320,000",Single family residence,4 ,"3,129",61.0,32.0,57.0,77077
227,"3525 Sage Rd APT 1306, Houston, TX 77056","$179,999",Condominium,1 ,834,61.0,55.0,47.0,77056
228,"6622 Eureka St, Houston, TX 77008","$475,000",Single family residence,3 ,"2,240",26.0,39.0,36.0,77008
229,"3214 Meadway Dr, Houston, TX 77082","$289,000",Single family residence,4 ,"2,123",52.0,44.0,67.0,77082
230,"5903 Saddle Bred Dr, Houston, TX 77084","$389,000",Single family residence,5 ,"3,513",5.0,0.0,26.0,77084
231,"3104 Hamilton St, Houston, TX 77004","$389,990",Townhouse,3 ,"2,310",79.0,66.0,72.0,77004
232,"7206 River Garden Dr, Houston, TX 77095","$219,000",Single family residence,2 ,"1,509",69.0,0.0,50.0,77095
233,"8405 Wilcrest Dr APT 3014, Houston, TX 77072","$90,000",Townhouse,3 ,"1,292",43.0,44.0,41.0,77072
234,"6121 Ridgemont St, Houston, TX 77087","$180,000",Single family residence,4 ,"1,720",58.0,38.0,45.0,77087
235,"7950 N Stadium Dr APT 230, Houston, TX 77030","$155,000",Townhouse,2 ,"1,137",72.0,66.0,86.0,77030
236,"2000 Bagby St APT 13416, Houston, TX 77002","$499,000",Condominium,2 ,"1,884",89.0,83.0,56.0,77002
237,"8336 Bonner Dr, Houston, TX 77017","$185,000",Single family residence,3 ,"1,445",42.0,28.0,40.0,77017
238,"10011 Lazy Meadows Dr, Houston, TX 77064","$320,000",Single family residence,4 ,"2,416",6.0,0.0,27.0,77064
239,"8510 Nashwood Ct, Houston, TX 77040","$319,999",Single family residence,4 ,"2,404",44.0,0.0,44.0,77040
240,"11011 Sagewillow Ln, Houston, TX 77089","$269,900",Single family residence,4 ,"2,229",44.0,28.0,40.0,77089
241,"2303 Elmgate Dr, Houston, TX 77080","$459,000",Single family residence,4 ,"2,048",36.0,30.0,52.0,77080
242,"10262 Scotsbrook Dr, Houston, TX 77038","$329,000",Single family residence,6 ,"3,471",28.0,25.0,37.0,77038
244,"7400 Bellerive Dr APT 606, Houston, TX 77036","$135,000",Townhouse,2 ,"1,094",64.0,45.0,51.0,77036
245,"2 Longbow Ln, Houston, TX 77024","$17,850,000",Single family residence,8 ,"16,818",2.0,2.0,2.0,77024
246,"11122 W Cyrus Dr, Houston, TX 77064","$399,000",Single family residence,4 ,"3,186",13.0,16.0,29.0,77064
247,"5843 Village Forest Ct, Houston, TX 77092","$162,000",Townhouse,4 ,"1,516",46.0,40.0,40.0,77092
248,"14902 Walters Rd, Houston, TX 77068","$299,999",Single family residence,4 ,"2,538",70.0,29.0,50.0,77068
249,"11107 Cedarhurst Dr, Houston, TX 77096","$420,000",Ranch,3 ,"1,814",43.0,40.0,40.0,77096
252,"7655 S Braeswood Blvd APT 38, Houston, TX 77071","$188,000",Townhouse,2 ,"1,559",53.0,45.0,59.0,77071
253,"2511 Ohsfeldt St UNIT B, Houston, TX 77008","$439,000",Single family residence,3 ,"2,189",58.0,34.0,67.0,77008
255,"17109 Wilthorne Colony Ct, Houston, TX 77084","$278,000",Single family residence,3 ,"1,834",43.0,0.0,44.0,77084
257,"5629 Azores, Houston, TX 77091","$355,900",Single family residence,3 ,"1,735",4.0,29.0,26.0,77091
259,"7011 Buffkin Ln, Houston, TX 77069","$514,000",Single family residence,5 ,"4,025",9.0,0.0,40.0,77069
260,"4969 Brinkman St, Houston, TX 77018","$434,900",Single family residence,3 ,"1,857",42.0,44.0,40.0,77018
261,"9715 Kindletree Dr, Houston, TX 77040","$325,000",Single family residence,4 ,"2,646",22.0,0.0,41.0,77040
262,"3410 Woodbriar Dr, Houston, TX 77068","$300,000",Single family residence,4 ,"2,626",9.0,0.0,39.0,77068
263,"15639 Sierra Valle Dr, Houston, TX 77083","$290,000",Single family residence,3 ,"1,876",18.0,21.0,35.0,77083
264,"2118 Lazybrook Dr, Houston, TX 77008","$735,000",Ranch,3 ,"1,876",63.0,36.0,53.0,77008
266,"6528 Couch St, Houston, TX 77091","$374,900",Single family residence,4 ,"2,038",34.0,39.0,35.0,77091
267,"1524 Ojeman Rd C, Houston, TX 77055","$399,999",Single family residence,3 ,"1,558",59.0,34.0,52.0,77055
268,"2107 Pueblito Dr, Houston, TX 77077","$469,990",Single family residence,3 ,"2,364",72.0,45.0,62.0,77077
270,"1724 Wellington St, Houston, TX 77093","$409,000",Single family residence,4 ,"2,201",16.0,23.0,31.0,77093
271,"12206 Wild Pine Dr UNIT D, Houston, TX 77039","$125,000",Townhouse,3 ,"1,574",25.0,30.0,40.0,77039
272,"4785 Summit St, Houston, TX 77018","$434,900",Single family residence,3 ,"1,861",45.0,48.0,49.0,77018
273,"7454 Navidad Rd, Houston, TX 77083","$250,000",Single family residence,5 ,"1,260",9.0,18.0,28.0,77083
274,"18043 Starboard Dr, Houston, TX 77058","$235,000",Townhouse,2 ,"2,524",23.0,0.0,36.0,77058
276,"16110 Kintyre Point Rd, Houston, TX 77095","$374,900",Single family residence,4 ,"2,421",8.0,0.0,28.0,77095
278,"22411 Kenchester Dr, Houston, TX 77073","$299,900",Single family residence,3 ,"1,872",4.0,23.0,27.0,77073
279,"15322 Paladora Dr, Houston, TX 77083","$291,500",Single family residence,3 ,"2,625",27.0,22.0,34.0,77083
280,"910 Centerwood Dr, Houston, TX 77013","$215,000",Single family residence,3 ,"1,416",52.0,29.0,56.0,77013
281,"6620 Loma Vista St A, Houston, TX 77085","$298,000",Duplex,3 ,"1,807",19.0,12.0,31.0,77085
282,"5210 Longmeadow St A-B, Houston, TX 77033","$370,000",Duplex,3 ,"2,340",24.0,36.0,54.0,77033
285,"5430 Heron Dr, Houston, TX 77033","$515,000",Duplex,6 ,"2,831",41.0,44.0,40.0,77033
286,"8643 Sunderland Rd, Houston, TX 77028","$369,000",Duplex,3 ,"2,300",58.0,40.0,54.0,77028
287,"7200 T C Jester Blvd 2401-04, Houston, TX 77088","$310,000",Quadruplex,3 ,"3,751",31.0,24.0,46.0,77088
288,"12830 Magic Dr, Houston, TX 77039","$420,000",Quadruplex,4 ,"3,570",44.0,34.0,43.0,77039
289,"4503 Austin St, Houston, TX 77004","$650,000",Duplex,3 ,"2,896",89.0,66.0,82.0,77004
290,"2410 Truxillo St, Houston, TX 77004","$599,990",Triplex,3 ,"3,514",77.0,53.0,83.0,77004
291,"13347 Indianapolis St, Houston, TX 77015","$214,900",Duplex,4 ,"1,518",56.0,34.0,49.0,77015
292,"6126 Tyne St, Houston, TX 77007","$385,000",Duplex,2 ,"1,430",62.0,39.0,52.0,77007
293,"6813 Liverpool St, Houston, TX 77021","$499,999",Duplex,3 ,"2,590",58.0,43.0,52.0,77021
295,"1517 Collins Rd, Houston, TX 77093","$289,900",Triplex,3 ,"2,948",4.0,15.0,27.0,77093
297,"9806 Springbrook Dr, Houston, TX 77041","$310,000",Duplex,3 ,"2,466",29.0,26.0,47.0,77041
298,"3510 & 3512 Nagle St, Houston, TX 77004","$315,000",Duplex,4 ,"1,114",71.0,52.0,88.0,77004
299,"2934 Bertrand St, Houston, TX 77093","$525,000",Quadruplex,6 ,"5,180",21.0,24.0,38.0,77093
300,"9410 Derrik Dr, Houston, TX 77080","$380,000",Duplex,4 ,"2,257",58.0,27.0,62.0,77080
301,"2909 Cleburne St, Houston, TX 77004","$500,000",Duplex,2 ,"2,046",67.0,52.0,76.0,77004
302,"2306 Fennell St APT 4, Houston, TX 77012","$350,000",Quadruplex,-- ,"1,728",59.0,34.0,46.0,77012
304,"7301 Sherman St 6, Houston, TX 77011","$599,900",Multi family,1 ,"2,220",73.0,49.0,70.0,77011
305,"1920 Kipling St, Houston, TX 77098","$899,888",Duplex,4 ,"2,102",93.0,51.0,79.0,77098
306,"3814 Fulton St, Houston, TX 77009","$270,000",Multi family,1 ,--,75.0,57.0,60.0,77009
308,"2315 Chew St, Houston, TX 77020","$290,000",Multi family,4 ,835,58.0,50.0,64.0,77020
309,"3921 & 3923 Melbourne St, Houston, TX 77026","$325,000",Multi family,2 ,"2,217",32.0,55.0,37.0,77026
310,"6612 Haight St, Houston, TX 77028","$369,000",Duplex,3 ,"2,300",13.0,32.0,28.0,77028
311,"2518 Cleburne St, Houston, TX 77004","$1,749,900",Duplex,4 ,"3,096",69.0,50.0,79.0,77004
312,"7608 E Magnolia St, Houston, TX 77012","$359,000",Duplex,3 ,"1,944",43.0,34.0,51.0,77012
313,"3520 Broadway St, Houston, TX 77017","$575,000",Multi family,3 ,"3,797",70.0,37.0,50.0,77017
314,"4322 & 4326 Alconbury Ln 4-1-8, Houston, TX 77021","$1,399,980",Quadruplex,-- ,"3,120",54.0,54.0,80.0,77021
316,"826 Hahlo St, Houston, TX 77020","$469,999",Duplex,3 ,"2,252",70.0,50.0,67.0,77020
318,"4326 Larkspur St 1-4, Houston, TX 77051","$549,900",Quadruplex,2 ,"3,564",53.0,45.0,53.0,77051
319,"7003 Hoffman St, Houston, TX 77028","$380,000",Triplex,2 ,"1,092",30.0,36.0,52.0,77028
320,"606 Avondale St, Houston, TX 77006","$850,000",Duplex,3 ,"3,162",90.0,61.0,76.0,77006
322,"2407 Southmore Blvd 3, Houston, TX 77004","$620,000",Multi family,-- ,"1,716",66.0,49.0,71.0,77004
323,"4406-4406 E Tidwell Rd, Houston, TX 77093","$399,999",Duplex,3 ,"2,700",40.0,42.0,38.0,77093
324,"4320 Jack St, Houston, TX 77006","$850,000",Duplex,5 ,"2,368",80.0,72.0,72.0,77006
325,"4406-4406 Tidwell Rd B, Houston, TX 77093","$399,999",Duplex,3 ,"2,700",40.0,42.0,38.0,77093
326,"26 Farrell St APT 10, Houston, TX 77022","$974,888",Multi family,1 ,"6,826",62.0,58.0,50.0,77022
329,"514 Martin St, Houston, TX 77018","$1,500,000",Multi family,4 ,"3,542",61.0,49.0,51.0,77018
330,"4406-4406 Tidwell Rd D, Houston, TX 77093","$399,999",Duplex,3 ,"2,700",40.0,42.0,38.0,77093
331,"12410 Palmway St, Houston, TX 77034","$187,000",Duplex,4 ,"1,838",32.0,0.0,40.0,77034
332,"11102 Burdine St, Houston, TX 77096","$412,000",Single family residence,3 ,"2,000",42.0,38.0,41.0,77096
333,"13326 Montclair Point Ct, Houston, TX 77047","$235,000",Single family residence,3 ,"1,560",19.0,26.0,30.0,77047
334,"1513 Reinerman St, Houston, TX 77007","$449,000",Townhouse,3 ,"2,520",84.0,45.0,52.0,77007
335,"14622 Sweetwater View Dr, Houston, TX 77047","$225,000",Single family residence,4 ,"1,295",19.0,0.0,55.0,77047
336,"5834 Par Four Dr, Houston, TX 77088","$195,000",Single family residence,3 ,"1,628",64.0,37.0,70.0,77088
337,"2508 Sherwin St, Houston, TX 77007","$459,000",Single family residence,3 ,"2,375",41.0,38.0,42.0,77007
338,"1118 Glourie Dr, Houston, TX 77055","$1,030,000",Single family residence,3 ,"2,268",56.0,34.0,58.0,77055
339,"1719 Tuam St, Houston, TX 77004","$285,000",Townhouse,2 ,"1,216",76.0,71.0,65.0,77004
340,"10710 Oasis Dr, Houston, TX 77096","$430,000",Single family residence,3 ,"1,761",41.0,38.0,41.0,77096
341,"7510 Hornwood Dr APT 1303, Houston, TX 77036","$115,000",Condominium,2 ,"1,137",72.0,48.0,51.0,77036
342,"6822 Roos Rd, Houston, TX 77074","$275,000",Single family residence,3 ,"1,704",44.0,51.0,45.0,77074
343,"12 Hyde Park Blvd UNIT 5, Houston, TX 77006","$245,000",Townhouse,2 ,"1,105",91.0,71.0,69.0,77006
344,"1614 Hazel St, Houston, TX 77006","$639,900",Single family residence,3 ,"2,864",87.0,53.0,68.0,77006
346,"5819 Francis Oak Pl, Houston, TX 77091","$384,900",Single family residence,3 ,"1,842",7.0,31.0,27.0,77091
347,"2657 Marilee Ln, Houston, TX 77057","$144,900",Townhouse,2 ,"1,088",69.0,50.0,50.0,77057
348,"6000 Reims Rd APT 2406, Houston, TX 77036","$165,000",Townhouse,2 ,"1,640",52.0,45.0,52.0,77036
349,"7447 Cambridge St APT 73, Houston, TX 77054","$249,000",Townhouse,2 ,"1,556",51.0,54.0,66.0,77054
350,"1823 Mountain Aspen Ln, Kingwood, TX 77345","$475,000",Single family residence,4 ,"3,143",3.0,0.0,27.0,77345
351,"1802 Gillette St, Houston, TX 77019","$335,000",Townhouse,2 ,"1,443",85.0,69.0,64.0,77019
353,"1707 Red Oak Point Dr, Houston, TX 77055","$610,000",Single family residence,3 ,"2,826",74.0,36.0,64.0,77055
354,"11611 Parkriver Dr, Houston, TX 77070","$379,000",Single family residence,4 ,"2,738",15.0,0.0,54.0,77070
355,"2138 Deerhurst Ln, Houston, TX 77088","$385,000",Single family residence,4 ,"2,662",7.0,29.0,33.0,77088
356,"13915 Honey Bee Ct, Houston, TX 77039","$99,900",Single family residence,5 ,"2,616",7.0,31.0,28.0,77039
359,"5203 Piedmont St A, Houston, TX 77016","$295,000",Duplex,3 ,"1,960",16.0,26.0,46.0,77016
367,"2000 Bagby St APT 5406, Houston, TX 77002","$364,000",Condominium,1 ,"1,648",89.0,83.0,56.0,77002
368,"3626 Cape Forest Dr, Kingwood, TX 77345","$389,500",Single family residence,3 ,"2,486",54.0,23.0,53.0,77345
369,"16310 Salinas Ln, Houston, TX 77095","$290,000",Single family residence,4 ,"2,316",4.0,0.0,27.0,77095
370,"2006 Potomac Dr APT D, Houston, TX 77057","$439,000",Townhouse,3 ,"2,676",75.0,35.0,50.0,77057
372,"915 Franklin St UNIT 9H, Houston, TX 77002","$299,500",Condominium,1 ,"1,025",95.0,87.0,76.0,77002
373,"5403 Yorkdale Dr, Houston, TX 77091","$175,000",Single family residence,3 ,"1,315",18.0,31.0,63.0,77091
376,"7159 Crystal Way, Houston, TX 77036","$289,000",Single family residence,3 ,"1,648",46.0,38.0,42.0,77036
377,"3926 Farmer St, Houston, TX 77020","$189,990",Triplex,6 ,"1,420",37.0,44.0,67.0,77020
378,"15855 Granite Mountain Trl, Houston, TX 77049","$274,900",Single family residence,3 ,"1,733",27.0,0.0,32.0,77049
379,"10403 Rippling Fields Dr, Houston, TX 77064","$245,000",Single family residence,4 ,"2,160",34.0,0.0,37.0,77064
382,"3525 Sage Rd APT 1502, Houston, TX 77056","$164,900",Condominium,1 ,794,61.0,55.0,47.0,77056
383,"13238 Rustic Garden Dr, Houston, TX 77083","$319,500",Single family residence,3 ,"1,999",29.0,44.0,39.0,77083
384,"14420 Walters Rd UNIT 31, Houston, TX 77014","$250,000",Townhouse,3 ,"1,659",80.0,33.0,50.0,77014
385,"661 Bering Dr UNIT 104, Houston, TX 77057","$160,000",Condominium,2 ,"1,287",56.0,36.0,56.0,77057
386,"11306 Pecan Creek Dr, Houston, TX 77043","$557,000",Ranch,4 ,"2,390",39.0,27.0,47.0,77043
388,"12019 Coral Reef Dr, Houston, TX 77044","$107,000",Manufactured home,3 ,"1,140",23.0,9.0,33.0,77044
389,"1437 Wisterwood Dr, Houston, TX 77043","$324,900",Single family residence,3 ,"1,476",52.0,41.0,68.0,77043
390,"6819 Tuskegee St, Houston, TX 77091","$285,000",Single family residence,3 ,"1,505",41.0,42.0,40.0,77091
391,"10658 Memorial Dr, Houston, TX 77024","$5,950,000",Single family residence,6 ,"8,296",6.0,22.0,26.0,77024
394,"5621 Savyon Dr, Houston, TX 77091","$449,000",Single family residence,4 ,"2,300",4.0,29.0,26.0,77091
397,"531 Cool Spring Dr, Houston, TX 77037","$189,000",Single family residence,3 ,"1,045",44.0,37.0,46.0,77037
398,"12638 Sandy Hook Dr, Houston, TX 77089","$205,000",Single family residence,3 ,"1,141",47.0,21.0,36.0,77089
399,"5608 Azores, Houston, TX 77091","$359,900",Single family residence,3 ,"1,827",4.0,29.0,26.0,77091
400,"5610 Azores, Houston, TX 77091","$359,900",Single family residence,3 ,"1,827",4.0,29.0,26.0,77091
401,"5632 Azores, Houston, TX 77091","$355,900",Single family residence,3 ,"1,735",4.0,29.0,26.0,77091
403,"6721 Parker Grove Ln, Houston, TX 77076","$309,900",Single family residence,3 ,"1,772",45.0,42.0,43.0,77076
404,"967 Lucky St, Houston, TX 77088","$325,000",Single family residence,4 ,"1,776",34.0,43.0,37.0,77088
405,"10319 White Fir Villa Ave, Houston, TX 77044","$239,500",Single family residence,4 ,"1,460",8.0,0.0,26.0,77044
406,"16539 Rock East Dr, Houston, TX 77073","$230,000",Single family residence,3 ,"1,470",11.0,27.0,29.0,77073
407,"10211 Sugar Branch Dr APT 318, Houston, TX 77036","$54,000",Townhouse,1 ,784,46.0,43.0,42.0,77036
408,"5634 Azores, Houston, TX 77091","$359,900",Single family residence,3 ,"1,735",4.0,29.0,26.0,77091
409,"8131 Brinkworth Ln, Houston, TX 77070","$285,000",Single family residence,4 ,"2,272",37.0,27.0,43.0,77070
410,"14823 Sparkling Bay Ln, Houston, TX 77062","$669,000",Single family residence,4 ,"3,766",22.0,0.0,31.0,77062
411,"3400 Timmons Ln 13, Houston, TX 77027","$175,000",Townhouse,2 ,844,74.0,47.0,52.0,77027
412,"5313 Lillian St, Houston, TX 77007","$475,000",Single family residence,3 ,"2,355",85.0,47.0,59.0,77007
413,"5616 Azores, Houston, TX 77091","$355,900",Single family residence,3 ,"1,827",4.0,29.0,26.0,77091
414,"5614 Azores, Houston, TX 77091","$355,900",Single family residence,3 ,"1,827",4.0,29.0,26.0,77091
415,"8006 Winthrop St, Houston, TX 77075","$239,000",Single family residence,3 ,"1,620",37.0,0.0,40.0,77075
417,"7101 Foster St B, Houston, TX 77021","$249,500",Duplex,3 ,"1,225",50.0,45.0,45.0,77021
419,"9700 Leawood Blvd 2/202, Houston, TX 77099","$104,500",Townhouse,2 ,"1,068",62.0,39.0,41.0,77099
420,"2103 Pueblito Dr, Houston, TX 77077","$479,990",Single family residence,3 ,"2,414",72.0,45.0,62.0,77077
421,"12166 Beamer Rd, Houston, TX 77089","$205,000",Townhouse,3 ,"2,030",57.0,28.0,42.0,77089
422,"8418 Twin Lamps Ln, Houston, TX 77064","$195,000",Single family residence,3 ,"1,878",24.0,36.0,54.0,77064
423,"2004 Worms St, Houston, TX 77020","$320,000",Single family residence,2 ,"1,637",31.0,44.0,59.0,77020
425,"10851 Pepper Ln, Houston, TX 77079","$725,000",Single family residence,4 ,"2,907",48.0,29.0,45.0,77079
426,"5431 Olympia Fields Ln, Houston, TX 77069","$497,500",Single family residence,5 ,"3,899",36.0,28.0,40.0,77069
427,"15002 Cozy Hollow Ln, Houston, TX 77044","$425,000",Single family residence,4 ,"3,407",22.0,0.0,33.0,77044
428,"948 Fisher St D, Houston, TX 77018","$479,900",Single family residence,3 ,"2,177",54.0,38.0,60.0,77018
429,"10922 W Early Dusk Cir, Houston, TX 77044","$282,900",Single family residence,4 ,"2,379",0.0,0.0,25.0,77044
433,"400 Cordell St, Houston, TX 77009","$1,000,000",Single family residence,3 ,"2,945",74.0,53.0,57.0,77009
434,"11731 Tierra Palms Ct, Houston, TX 77034","$269,999",Single family residence,6 ,"2,400",23.0,10.0,36.0,77034
439,"3001 Inwood Dr, Houston, TX 77019","$16,500,000",Single family residence,6 ,"13,630",37.0,45.0,44.0,77019
441,"903 Lehman St C, Houston, TX 77018","$434,900",Single family residence,3 ,"1,857",42.0,44.0,40.0,77018
442,"903 Lehman St A, Houston, TX 77018","$434,900",Single family residence,3 ,"1,857",42.0,44.0,40.0,77018
443,"12427 Shadowvale Dr, Houston, TX 77082","$447,000",Single family residence,4 ,"3,374",48.0,39.0,27.0,77082
444,"17323 Dakota Ridge Dr, Houston, TX 77095","$379,000",Single family residence,5 ,"2,797",48.0,0.0,42.0,77095
445,"4163 Wildacres Dr, Houston, TX 77072","$250,000",Single family residence,4 ,"2,208",38.0,31.0,43.0,77072
447,"1010 Rosine St APT 201, Houston, TX 77019","$282,000",Condominium,2 ,"1,129",86.0,52.0,76.0,77019
448,"6505 Taggart St B, Houston, TX 77007","$1,295,000",Single family residence,3 ,"3,581",61.0,39.0,53.0,77007
449,"15018 Carols Way Dr, Houston, TX 77070","$299,999",Single family residence,4 ,"2,194",20.0,0.0,54.0,77070
451,"13910 Hunters Cove Ct, Houston, TX 77039","$225,000",Single family residence,3 ,"1,700",3.0,32.0,28.0,77039
452,"12003 Cyprus Fld, Houston, TX 77070","$285,000",Single family residence,3 ,"1,994",71.0,0.0,46.0,77070
454,"1728 Park St, Houston, TX 77019","$849,000",Townhouse,3 ,"3,188",85.0,51.0,67.0,77019
456,"4514 Old Yale St C, Houston, TX 77018","$395,000",Single family residence,3 ,"1,554",48.0,45.0,71.0,77018
457,"803 Martin Rd C, Houston, TX 77018","$439,900",Single family residence,3 ,"1,732",39.0,47.0,43.0,77018
458,"10015 Lizette Ct, Houston, TX 77075","$450,000",Single family residence,4 ,"2,780",51.0,26.0,40.0,77075
459,"10850 Nellsfield Ln, Houston, TX 77075","$250,000",Single family residence,3 ,"1,565",20.0,0.0,32.0,77075
462,"10100 S Gessner Rd APT 703, Houston, TX 77071","$80,000",Townhouse,1 ,684,56.0,40.0,60.0,77071
464,"2323 Polk St APT 201, Houston, TX 77003","$274,000",Townhouse,1 ,"1,333",77.0,85.0,70.0,77003
466,"2111 Mountain Ranch Dr, Houston, TX 77049","$249,000",Single family residence,3 ,"1,794",10.0,0.0,27.0,77049
469,"2910 Aspen Park Ln, Houston, TX 77084","$415,000",Single family residence,6 ,"3,601",23.0,0.0,54.0,77084
470,"11834 Lelda Ln, Houston, TX 77071","$254,900",Single family residence,4 ,"1,820",37.0,41.0,37.0,77071
471,"5239 Kiam St, Houston, TX 77007","$425,000",Single family residence,3 ,"1,032",57.0,40.0,68.0,77007
472,"12018 Villa Lea Ln, Houston, TX 77071","$275,000",Single family residence,3 ,"1,939",17.0,44.0,34.0,77071
473,"5606 Woodland Creek Dr, Kingwood, TX 77345","$400,000",Single family residence,4 ,"2,539",4.0,0.0,34.0,77345
474,"3423 Woodbriar Dr, Houston, TX 77068","$399,900",Single family residence,5 ,"3,225",12.0,0.0,34.0,77068
475,"18222 Wild Oak Dr, Houston, TX 77090","$235,000",Single family residence,3 ,"1,598",4.0,14.0,32.0,77090
476,"15007 Bathurst Dr, Houston, TX 77053","$135,000",Single family residence,3 ,"1,247",35.0,43.0,35.0,77053
477,"10718 Garrick Ln, Houston, TX 77013","$217,000",Single family residence,3 ,"1,752",36.0,32.0,65.0,77013
478,"14826 Saint Cloud Dr, Houston, TX 77062","$289,900",Single family residence,3 ,"1,707",14.0,0.0,36.0,77062
479,"13514 Leedwick Dr, Houston, TX 77041","$350,000",Single family residence,5 ,"2,959",19.0,0.0,28.0,77041
481,"2714 Owens Cross Dr, Houston, TX 77067","$245,000",Single family residence,3 ,"1,931",29.0,38.0,42.0,77067
485,"1722 Dominic Ln, Houston, TX 77049","$319,900",Single family residence,4 ,"1,896",16.0,0.0,28.0,77049
486,"16514 Brook Forest Dr, Houston, TX 77059","$699,900",Single family residence,5 ,"4,502",9.0,0.0,57.0,77059
487,"8803 Ballinger Dr, Houston, TX 77064","$599,000",Single family residence,5 ,"3,680",10.0,0.0,27.0,77064
488,"1323 New Cedars Dr, Houston, TX 77062","$285,000",Single family residence,3 ,"2,204",31.0,0.0,35.0,77062
490,"733 W 21st St B, Houston, TX 77008","$585,000",Single family residence,3 ,"2,374",80.0,42.0,56.0,77008
491,"13311 Rain Lily Ln, Houston, TX 77083","$245,000",Single family residence,3 ,"1,788",43.0,45.0,53.0,77083
492,"5824 Willow Glen Dr, Houston, TX 77033","$100,000",Single family residence,3 ,"1,181",54.0,44.0,44.0,77033
493,"9934 Woodwick St, Houston, TX 77016","$149,500",Single family residence,3 ,"1,083",11.0,34.0,33.0,77016
495,"18046 Bambriar Dr, Houston, TX 77090","$375,000",Single family residence,5 ,"2,732",1.0,0.0,26.0,77090
497,"3226 Enclave Ln, Houston, TX 77077","$519,900",Single family residence,4 ,"3,910",60.0,32.0,53.0,77077
499,"714 Kahlden Ct, Houston, TX 77079","$695,000",Single family residence,4 ,"3,798",19.0,26.0,52.0,77079
500,"14535 Overland Hollow Dr, Houston, TX 77069","$270,000",Single family residence,3 ,"1,415",37.0,31.0,40.0,77069
501,"7631 White Fir Dr, Houston, TX 77088","$289,999",Single family residence,4 ,"2,565",5.0,32.0,27.0,77088
502,"4126 Surreydon Dr, Houston, TX 77014","$259,500",Single family residence,3 ,"2,081",47.0,26.0,35.0,77014
503,"999 Saint Clair St, Houston, TX 77088","$238,990",Single family residence,3 ,"1,298",38.0,45.0,39.0,77088
506,"13371 Indianapolis St A, Houston, TX 77015","$109,000",Ranch,1 ,670,59.0,34.0,49.0,77015
508,"14102 Swiss Hill Dr, Houston, TX 77077","$368,000",Single family residence,3 ,"2,762",27.0,28.0,42.0,77077
509,"5754 Braesheather Dr, Houston, TX 77096","$415,000",Single family residence,4 ,"2,281",46.0,40.0,58.0,77096
510,"5631 Azores, Houston, TX 77091","$355,900",Single family residence,3 ,"1,735",4.0,29.0,26.0,77091
511,"5635 Azores, Houston, TX 77091","$359,900",Single family residence,3 ,"1,735",4.0,29.0,26.0,77091
514,"1308 W 25th St UNIT C, Houston, TX 77008","$460,000",Single family residence,3 ,"1,936",24.0,36.0,54.0,77008
516,"5630 Azores, Houston, TX 77091","$355,900",Single family residence,3 ,"1,735",4.0,29.0,26.0,77091
517,"1502 Saxony Ln, Houston, TX 77058","$294,900",Ranch,3 ,"1,765",50.0,0.0,42.0,77058
518,"5139 Danfield Dr, Houston, TX 77053","$210,000",Single family residence,5 ,"3,080",25.0,30.0,34.0,77053
520,"13615 Paxton Dr, Houston, TX 77014","$206,000",Single family residence,3 ,"1,050",9.0,0.0,27.0,77014
521,"17817 Glenmark Dr, Houston, TX 77084","$160,000",Single family residence,2 ,957,49.0,0.0,51.0,77084
522,"242 Sulky Trail St, Houston, TX 77060","$214,000",Single family residence,4 ,"1,538",58.0,40.0,44.0,77060
524,"2120 Alabama St, Houston, TX 77004","$344,900",Single family residence,4 ,"2,145",77.0,56.0,81.0,77004
525,"10706 Bordley Dr, Houston, TX 77042","$699,900",Single family residence,4 ,"3,247",30.0,34.0,53.0,77042
526,"4214 Browns Forest Dr, Houston, TX 77084","$370,000",Single family residence,4 ,"2,607",13.0,0.0,31.0,77084
527,"6150 Chevy Chase Dr, Houston, TX 77057","$775,000",Single family residence,4 ,"3,192",61.0,44.0,48.0,77057
528,"8125 Fuqua Ct, Houston, TX 77075","$275,000",Single family residence,3 ,"1,569",39.0,0.0,38.0,77075
530,"15918 Colonial Bridge Ln, Houston, TX 77073","$219,900",Single family residence,3 ,"1,338",5.0,27.0,26.0,77073
531,"1127 Hammock St, Houston, TX 77009","$319,000",Single family residence,3 ,"1,266",74.0,64.0,61.0,77009
532,"903 Lehman St, Houston, TX 77018","$444,900",Single family residence,3 ,"1,951",42.0,44.0,40.0,77018
533,"903 Lehman St F, Houston, TX 77018","$444,900",Single family residence,3 ,"1,951",42.0,44.0,40.0,77018
534,"4783 Summit St, Houston, TX 77018","$439,900",Single family residence,3 ,"1,732",45.0,48.0,49.0,77018
536,"2110 Hickory Lawn Dr, Houston, TX 77077","$325,000",Single family residence,4 ,"2,552",49.0,42.0,54.0,77077
537,"1225 Nicholson St, Houston, TX 77008","$1,050,000",Single family residence,3 ,"2,404",80.0,42.0,61.0,77008
540,"11014 Leitrim Way, Houston, TX 77047","$155,000",Ranch,2 ,"1,642",24.0,39.0,47.0,77047
541,"7828 Pardee St, Houston, TX 77028","$295,000",Single family residence,3 ,"1,364",14.0,28.0,22.0,77028
543,"2822 Youpon Lake Ct, Houston, TX 77084","$300,000",Single family residence,4 ,"2,368",30.0,0.0,57.0,77084
545,"4303 Tidewater Dr, Houston, TX 77045","$160,000",Single family residence,4 ,"2,222",34.0,31.0,49.0,77045
546,"6306 Jefferson St, Houston, TX 77023","$629,900",Single family residence,3 ,"2,151",60.0,47.0,61.0,77023
547,"2721 Maxroy St, Houston, TX 77007","$649,900",Single family residence,4 ,"2,675",29.0,39.0,37.0,77007
548,"4512 Old Yale St B, Houston, TX 77018","$409,900",Single family residence,3 ,"1,541",54.0,47.0,71.0,77018
549,"6410 Tam O Shanter Ln, Houston, TX 77036","$435,000",Single family residence,4 ,"3,329",64.0,48.0,53.0,77036
550,"3502 Tree Ln, Humble, TX 77339","$421,900",Single family residence,5 ,"3,225",20.0,0.0,47.0,77339
551,"12915 Memorial Dr, Houston, TX 77079","$600,000",Single family residence,3 ,"2,419",75.0,33.0,52.0,77079
554,"12531 Orleans St, Houston, TX 77015","$199,900",Single family residence,3 ,"1,534",59.0,32.0,46.0,77015
556,"1910 Windy Peaks Ct, Houston, TX 77067","$250,000",Single family residence,3 ,"2,861",8.0,0.0,29.0,77067
557,"7209 Sayers St, Houston, TX 77016","$314,400",Single family residence,3 ,"1,611",29.0,43.0,38.0,77016
561,"8906 Sable Terrace Ln, Houston, TX 77044","$340,000",Single family residence,4 ,"2,063",42.0,0.0,35.0,77044
562,"17831 Butte Creek Rd, Houston, TX 77090","$314,900",Single family residence,4 ,"2,467",11.0,0.0,30.0,77090
564,"202 Ogilvie St, Houston, TX 77017","$489,900",Single family residence,5 ,"3,300",32.0,23.0,34.0,77017
566,"12715 Watercress Park, Houston, TX 77041","$384,900",Single family residence,4 ,"2,700",28.0,0.0,33.0,77041
567,"12030 E Circle Dr, Houston, TX 77071","$599,999",Single family residence,4 ,"4,875",14.0,45.0,29.0,77071
568,"4711 Theall Rd, Houston, TX 77066","$249,000",Single family residence,4 ,"2,330",66.0,33.0,49.0,77066
569,"18210 Caprice Ln, Houston, TX 77058","$359,900",Single family residence,3 ,"2,065",44.0,0.0,35.0,77058
573,"11923 Greensbrook Forest Dr, Houston, TX 77044","$160,000",Single family residence,3 ,"1,080",3.0,0.0,29.0,77044
575,"12223 Drifting Pine Ct, Houston, TX 77066","$244,000",Single family residence,3 ,"2,093",13.0,34.0,41.0,77066
576,"16022 Coco Shores Ct, Houston, TX 77044","$314,900",Single family residence,3 ,"2,206",3.0,0.0,28.0,77044
577,"16006 Garden Hill Ln, Houston, TX 77095","$350,000",Single family residence,4 ,"2,421",19.0,0.0,35.0,77095
578,"655 Langwood Dr, Houston, TX 77079","$450,000",Single family residence,5 ,"2,791",46.0,30.0,70.0,77079
580,"8027 Albin Ln, Houston, TX 77071","$549,900",Single family residence,5 ,"5,172",49.0,42.0,44.0,77071
582,"4419 Trafalgar Dr, Houston, TX 77045","$244,900",Single family residence,3 ,"1,622",45.0,38.0,43.0,77045
583,"5303 Spanish Oak Dr, Houston, TX 77066","$559,900",Single family residence,7 ,"5,152",26.0,23.0,34.0,77066
584,"13550 Creek Springs Dr, Houston, TX 77083","$244,900",Single family residence,3 ,"1,742",43.0,49.0,52.0,77083
585,"4105 Lumber Ln, Houston, TX 77016","$235,000",Single family residence,3 ,"1,280",35.0,49.0,36.0,77016
586,"11907 Greencreek Cir, Houston, TX 77070","$314,900",Single family residence,4 ,"2,198",43.0,0.0,41.0,77070
588,"2906 S Druid St, Houston, TX 77091","$165,000",Single family residence,3 ,"1,728",20.0,23.0,30.0,77091
589,"3702 Blue Meadow Ln, Houston, TX 77039","$199,000",Single family residence,4 ,"1,349",46.0,34.0,35.0,77039
590,"1718 Kilmory Ct, Houston, TX 77014","$249,000",Single family residence,4 ,"1,538",3.0,23.0,26.0,77014
591,"5510 Triway Ln, Houston, TX 77041","$297,000",Single family residence,4 ,"1,600",32.0,34.0,36.0,77041
592,"7705 Edna St, Houston, TX 77087","$320,000",Single family residence,5 ,"1,752",64.0,40.0,57.0,77087
593,"16331 Brookside Willow Ln, Houston, TX 77084","$380,000",Single family residence,5 ,"3,385",27.0,0.0,32.0,77084
594,"10834 Great Bridge Dr, Houston, TX 77065","$279,900",Single family residence,4 ,"2,168",33.0,0.0,38.0,77065
595,"2409 Dalview St, Houston, TX 77091","$365,000",Single family residence,4 ,"1,848",22.0,25.0,31.0,77091
596,"305 Reinerman St, Houston, TX 77007","$499,800",Single family residence,3 ,"2,528",79.0,48.0,60.0,77007
597,"14411 Wadebridge Way, Houston, TX 77015","$308,000",Single family residence,3 ,"1,851",58.0,0.0,43.0,77015
598,"11902 Rocky Knoll Dr, Houston, TX 77077","$338,000",Single family residence,3 ,"1,739",47.0,41.0,55.0,77077
599,"13810 Turning Spring Ln, Houston, TX 77044","$389,900",Ranch,5 ,"2,899",3.0,0.0,28.0,77044
600,"8826 Eastheimer St, Houston, TX 77064","$255,000",Single family residence,4 ,"2,030",29.0,0.0,36.0,77064
601,"10502 Bucknell Rd, Houston, TX 77016","$239,999",Single family residence,4 ,"1,372",28.0,29.0,43.0,77016
602,"11246 Sagecanyon Dr, Houston, TX 77089","$249,900",Single family residence,3 ,"1,801",14.0,23.0,30.0,77089
603,"5211 Winding Way Dr, Houston, TX 77091","$250,000",Single family residence,4 ,"2,463",29.0,35.0,58.0,77091
605,"2003 Hidden Creek Dr, Humble, TX 77339","$300,000",Single family residence,4 ,"2,241",35.0,0.0,40.0,77339
606,"13138 Newbrook Dr, Houston, TX 77072","$219,000",Single family residence,3 ,"1,872",56.0,42.0,45.0,77072
608,"5622 Ludington Dr, Houston, TX 77035","$274,900",Ranch,4 ,"2,035",37.0,39.0,40.0,77035
610,"7127 Airport Blvd, Houston, TX 77061","$495,000",Single family residence,3 ,"1,896",8.0,20.0,32.0,77061
612,"9255 Friendship Rd, Houston, TX 77080","$299,900",Single family residence,3 ,"1,762",59.0,33.0,54.0,77080
613,"12261 Oxford Crescent Cir, Houston, TX 77082","$385,000",Single family residence,4 ,"2,341",73.0,46.0,58.0,77082
615,"15806 La Avenida Dr, Houston, TX 77062","$279,900",Single family residence,4 ,"1,880",73.0,0.0,53.0,77062
616,"2003 Sunshine Point Dr, Kingwood, TX 77345","$550,000",Single family residence,5 ,"3,942",2.0,0.0,28.0,77345
618,"5523 Pebble Springs Dr, Houston, TX 77066","$364,900",Single family residence,6 ,"3,484",53.0,28.0,42.0,77066
619,"5636 Azores, Houston, TX 77091","$369,900",Single family residence,3 ,"1,735",4.0,29.0,26.0,77091
620,"950 Fisher Dr E, Houston, TX 77018","$482,900",Single family residence,3 ,"2,177",54.0,38.0,60.0,77018
621,"426 Middle St, Houston, TX 77003","$490,000",Single family residence,2 ,924,62.0,54.0,78.0,77003
622,"407 Remington Ridge Dr, Houston, TX 77073","$250,000",Single family residence,3 ,"2,308",13.0,31.0,28.0,77073
623,"5621 Azores, Houston, TX 77091","$369,900",Single family residence,3 ,"1,735",4.0,29.0,26.0,77091
624,"950 Fisher Dr D, Houston, TX 77018","$479,900",Single family residence,3 ,"2,177",54.0,38.0,60.0,77018
625,"16811 Waycreek Rd, Houston, TX 77068","$484,900",Single family residence,6 ,"4,440",24.0,0.0,33.0,77068
627,"15127 Manorhill Dr, Houston, TX 77062","$319,999",Single family residence,5 ,"2,508",45.0,0.0,44.0,77062
629,"14522 Redbud Valley Trl, Houston, TX 77062","$344,900",Single family residence,5 ,"2,471",41.0,0.0,34.0,77062
630,"1416 Arlington St, Houston, TX 77008","$1,549,000",Single family residence,4 ,"3,388",66.0,48.0,64.0,77008
631,"5431 Cuerta St, Houston, TX 77023","$339,900",Single family residence,3 ,"1,795",62.0,48.0,60.0,77023
633,"943 Crestbrook Dr, Houston, TX 77038","$239,900",Single family residence,4 ,"1,530",40.0,27.0,39.0,77038
637,"8446 Springtime Ln, Houston, TX 77075","$219,000",Single family residence,3 ,"1,361",41.0,0.0,39.0,77075
638,"15242 Garrett Rd, Houston, TX 77044","$475,000",Single family residence,4 ,"3,230",0.0,0.0,25.0,77044
640,"5633 Azores, Houston, TX 77091","$359,900",Single family residence,3 ,"1,735",4.0,29.0,26.0,77091
641,"7815 Prestwood Dr, Houston, TX 77036","$359,900",Single family residence,4 ,"2,055",51.0,46.0,55.0,77036
642,"8518 Clarewood Dr, Houston, TX 77036","$375,000",Single family residence,5 ,"2,574",65.0,47.0,57.0,77036
643,"518 E Lorino St, Houston, TX 77037","$198,000",Single family residence,3 ,"1,350",22.0,38.0,34.0,77037
644,"16635 Shorewood Lakes Dr, Houston, TX 77095","$262,000",Single family residence,3 ,"1,440",19.0,0.0,31.0,77095
645,"5538 Honor Dr, Houston, TX 77041","$600,000",Single family residence,5 ,"3,985",33.0,0.0,36.0,77041
647,"10910 Hoffer St, Houston, TX 77075","$209,900",Single family residence,3 ,"1,272",64.0,0.0,47.0,77075
648,"12703 Pebblebrook Dr, Houston, TX 77024","$945,000",Single family residence,5 ,"4,319",72.0,41.0,51.0,77024
650,"11231 Sageview Dr, Houston, TX 77089","$239,000",Single family residence,3 ,"1,858",53.0,28.0,45.0,77089
652,"5620 Azores, Houston, TX 77091","$359,900",Single family residence,3 ,"1,827",4.0,29.0,26.0,77091
653,"5618 Azores, Houston, TX 77091","$355,900",Single family residence,3 ,"1,827",4.0,29.0,26.0,77091
655,"8145 Easton St, Houston, TX 77017","$304,999",Single family residence,4 ,"1,635",50.0,35.0,47.0,77017
657,"1722 River Oaks Blvd, Houston, TX 77019","$20,000,000",Single family residence,5 ,"12,209",32.0,43.0,40.0,77019
658,"9511 Chalford Dr, Houston, TX 77083","$265,000",Single family residence,3 ,"1,886",54.0,0.0,47.0,77083
659,"10919 Berry Tree Dr, Houston, TX 77064","$230,000",Single family residence,3 ,"1,440",48.0,0.0,41.0,77064
660,"5627 Azores, Houston, TX 77091","$355,900",Single family residence,3 ,"1,735",4.0,29.0,26.0,77091
661,"9518 Kindletree Dr, Houston, TX 77040","$185,000",Single family residence,3 ,"2,151",40.0,0.0,55.0,77040
662,"147 Greyfriar Dr, Houston, TX 77037","$229,000",Single family residence,3 ,"1,503",30.0,36.0,52.0,77037
664,"4514 Old Yale St D, Houston, TX 77018","$395,000",Single family residence,3 ,"1,554",54.0,47.0,71.0,77018
665,"12607 Chandlers Way Dr, Houston, TX 77041","$460,000",Single family residence,4 ,"2,860",26.0,0.0,32.0,77041
666,"4507 Sweet Madeline Ln, Houston, TX 77018","$1,350,000",Single family residence,4 ,"4,159",14.0,30.0,55.0,77018
667,"5814 Cebra Rd, Houston, TX 77091","$384,900",Single family residence,3 ,"1,842",7.0,32.0,28.0,77091
669,"2105 Pueblito Dr, Houston, TX 77077","$449,990",Single family residence,3 ,"2,008",72.0,45.0,62.0,77077
670,"4514 Old Yale St B, Houston, TX 77018","$395,000",Single family residence,3 ,"1,554",54.0,47.0,71.0,77018
671,"1906 Laurel Springs Ln, Humble, TX 77339","$339,900",Single family residence,4 ,"2,110",27.0,0.0,35.0,77339
673,"18926 Crescent Bay Dr, Houston, TX 77094","$1,049,000",Single family residence,4 ,"4,549",1.0,0.0,28.0,77094
676,"14819 Twin Maple St, Houston, TX 77082","$410,000",Single family residence,5 ,"3,360",62.0,22.0,43.0,77082
677,"14531 Dartwood Dr, Houston, TX 77049","$139,900",Single family residence,3 ,"1,457",9.0,0.0,32.0,77049
678,"1818 Upland Lakes, Houston, TX 77043","$675,000",Single family residence,4 ,"3,670",19.0,29.0,46.0,77043
679,"214 Canadian St, Houston, TX 77009","$439,000",Single family residence,4 ,"1,934",68.0,57.0,74.0,77009
680,"3703 Rustic Haven Ct, Kingwood, TX 77345","$354,900",Single family residence,4 ,"2,857",5.0,0.0,32.0,77345
682,"4510 Old Yale St B, Houston, TX 77018","$385,900",Single family residence,3 ,"1,463",54.0,47.0,71.0,77018
685,"903 Lehman St D, Houston, TX 77018","$434,900",Single family residence,3 ,"1,857",42.0,44.0,40.0,77018
686,"902 Cordell St A, Houston, TX 77009","$975,000",Single family residence,5 ,"3,009",63.0,57.0,73.0,77009
687,"3614 Canvasback Ln, Houston, TX 77047","$270,000",Single family residence,3 ,"1,658",16.0,0.0,40.0,77047
688,"906 Pear Tree Ln, Houston, TX 77073","$230,000",Single family residence,3 ,"2,101",22.0,35.0,33.0,77073
689,"4512 Old Yale St A, Houston, TX 77018","$399,900",Single family residence,3 ,"1,541",54.0,47.0,71.0,77018
690,"14911 Indian Quail Cir, Houston, TX 77095","$299,000",Single family residence,4 ,"2,282",34.0,0.0,40.0,77095
691,"11117 Beinhorn Rd, Houston, TX 77024","$6,300,000",Single family residence,9 ,"15,148",37.0,25.0,37.0,77024
692,"250 W Spreading Oak Dr, Houston, TX 77076","$258,000",Single family residence,4 ,"1,611",42.0,43.0,41.0,77076
694,"5415 Cairnleigh Dr, Houston, TX 77084","$255,000",Single family residence,3 ,"1,828",13.0,0.0,32.0,77084
695,"1926 Cochran St, Houston, TX 77009","$409,900",Single family residence,3 ,"1,695",72.0,55.0,62.0,77009
696,"16915 Waycreek Rd, Houston, TX 77068","$275,000",Single family residence,4 ,"3,318",24.0,0.0,33.0,77068
697,"3223 Boxelder Dr, Houston, TX 77082","$279,999",Single family residence,3 ,"1,963",46.0,29.0,39.0,77082
698,"2015 King St, Houston, TX 77026","$165,000",Single family residence,2 ,"1,308",14.0,40.0,31.0,77026
699,"4103 Donna Lynn Dr, Houston, TX 77092","$299,999",Ranch,3 ,"1,714",31.0,39.0,58.0,77092
701,"9233 Forest View St, Houston, TX 77078","$179,500",Ranch,3 ,"1,332",24.0,36.0,60.0,77078
702,"1422 Willow Rock Rd, Houston, TX 77088","$199,999",Single family residence,3 ,"1,038",26.0,34.0,44.0,77088
703,"16430 Regal Exeter Dr, Houston, TX 77073","$279,000",Single family residence,4 ,"2,092",37.0,20.0,36.0,77073
704,"4510 Old Yale St A, Houston, TX 77018","$395,900",Single family residence,3 ,"1,468",54.0,47.0,71.0,77018
706,"10618 Duane St, Houston, TX 77047","$166,000",Single family residence,3 ,882,46.0,36.0,52.0,77047
707,"10127 White Oak Trail Ln, Houston, TX 77064","$449,999",Single family residence,5 ,"4,107",36.0,0.0,31.0,77064
708,"7918 Battleoak Dr, Houston, TX 77040","$269,995",Single family residence,3 ,"1,161",8.0,0.0,28.0,77040
709,"9230 Arvin St, Houston, TX 77028","$225,000",Single family residence,4 ,"1,520",46.0,43.0,45.0,77028
710,"13602 Mansor Dr, Houston, TX 77041","$365,000",Single family residence,4 ,"2,728",43.0,0.0,40.0,77041
711,"3031 Poplar Valley Way, Kingwood, TX 77345","$514,900",Single family residence,4 ,"2,858",33.0,0.0,33.0,77345
713,"4306 Fernwood Dr, Houston, TX 77021","$425,000",Single family residence,3 ,"1,968",52.0,55.0,90.0,77021
714,"4950 White Oak Dr, Houston, TX 77007","$481,000",Single family residence,4 ,"2,698",83.0,44.0,83.0,77007
715,"13706 Sandford Lake Cir, Houston, TX 77077","$1,325,000",Single family residence,5 ,"4,812",29.0,41.0,39.0,77077
716,"11407 Montverde Ln, Houston, TX 77099","$269,900",Single family residence,3 ,"1,454",43.0,27.0,53.0,77099
718,"13323 Southpoint Ln, Houston, TX 77034","$272,000",Single family residence,3 ,"1,804",9.0,0.0,28.0,77034
719,"2905 Mooney Rd, Houston, TX 77093","$179,900",Ranch,3 ,"1,102",29.0,24.0,45.0,77093
722,"6427 Highland Pine Ln, Houston, TX 77091","$345,000",Single family residence,3 ,"2,088",28.0,37.0,33.0,77091
724,"8507 San Juanico St, Houston, TX 77044","$589,990",Single family residence,4 ,"3,043",0.0,0.0,25.0,77044
726,"1310 E 28th St, Houston, TX 77009","$549,900",Single family residence,3 ,"2,346",66.0,49.0,63.0,77009
728,"1538 W 23rd St D, Houston, TX 77008","$455,000",Single family residence,3 ,"2,334",72.0,36.0,62.0,77008
729,"1323 Ella Pl, Houston, TX 77008","$439,900",Single family residence,3 ,"2,433",50.0,35.0,47.0,77008
730,"2414 Colton Hollow Dr, Houston, TX 77067","$205,000",Single family residence,3 ,"1,454",14.0,0.0,30.0,77067
731,"2710 Hullsmith Dr 1303, Houston, TX 77063","$259,900",Townhouse,2 ,"1,501",75.0,51.0,48.0,77063
733,"2674 Sailboat Dr, Houston, TX 77058","$389,000",Townhouse,3 ,"2,855",23.0,0.0,36.0,77058
734,"5437 Larkin St, Houston, TX 77007","$460,000",Townhouse,3 ,"1,917",69.0,41.0,52.0,77007
740,"17824 Kings Park Ln, Houston, TX 77058","$180,000",Townhouse,2 ,"1,350",36.0,26.0,50.0,77058
741,"6200 W Tidwell Rd APT 305, Houston, TX 77092","$65,000",Townhouse,2 ,"1,133",30.0,37.0,35.0,77092
742,"3951 Tanglewilde St, Houston, TX 77063","$149,900",Townhouse,2 ,"1,341",71.0,47.0,57.0,77063
744,"3814 Center St, Houston, TX 77007","$402,000",Townhouse,3 ,"1,524",75.0,46.0,66.0,77007
745,"12220 Beamer Rd, Houston, TX 77089","$179,000",Townhouse,2 ,"1,318",47.0,28.0,40.0,77089
747,"5747 Easthampton Dr UNIT D, Houston, TX 77039","$115,000",Townhouse,3 ,"1,511",31.0,33.0,43.0,77039
748,"5630 Fairdale Ln APT 1, Houston, TX 77057","$318,000",Townhouse,3 ,"2,226",80.0,51.0,50.0,77057
749,"6036 Kansas St, Houston, TX 77007","$474,900",Townhouse,3 ,"2,022",29.0,39.0,37.0,77007
750,"17108 Beaver Springs Dr 8, Houston, TX 77090","$168,000",Townhouse,2 ,"1,440",77.0,34.0,50.0,77090
751,"1215 Marconi St A, Houston, TX 77019","$515,000",Townhouse,3 ,"2,358",78.0,42.0,66.0,77019
752,"3415 Robin Rose Ln, Houston, TX 77080","$425,000",Townhouse,3 ,"1,922",3.0,32.0,28.0,77080
753,"10501 South Dr APT 298, Houston, TX 77099","$78,000",Townhouse,1 ,768,40.0,30.0,37.0,77099
756,"6200 W Tidwell Rd APT 1305, Houston, TX 77092","$114,000",Townhouse,2 ,"1,134",30.0,37.0,35.0,77092
757,"8507 Wilcrest Dr, Houston, TX 77099","$135,000",Townhouse,2 ,"1,428",53.0,45.0,42.0,77099
758,"9460 Briar Forest Dr, Houston, TX 77063","$550,000",Townhouse,3 ,"2,059",38.0,34.0,39.0,77063
759,"7903 Bachwood Dr, Houston, TX 77040","$305,000",Townhouse,3 ,"2,332",47.0,0.0,41.0,77040
760,"11506 Village Place Dr 106, Houston, TX 77077","$225,000",Townhouse,2 ,"1,812",69.0,48.0,51.0,77077
762,"1004 La Rue St, Houston, TX 77019","$396,000",Townhouse,2 ,"1,931",88.0,51.0,67.0,77019
764,"1309 Bingham St UNIT A, Houston, TX 77007","$390,000",Townhouse,3 ,"2,177",66.0,65.0,81.0,77007
765,"7238 S Dairy Ashford Rd, Houston, TX 77072","$194,700",Townhouse,3 ,"1,824",32.0,40.0,35.0,77072
766,"1340 Fairview Ave, Houston, TX 77006","$495,000",Townhouse,2 ,"2,768",92.0,52.0,73.0,77006
768,"10762 Craighead Dr, Houston, TX 77025","$420,000",Townhouse,3 ,"2,050",28.0,37.0,38.0,77025
769,"5524 Beverlyhill St APT 1, Houston, TX 77056","$219,000",Townhouse,2 ,"1,300",79.0,53.0,48.0,77056
770,"2418 Dorrington St SUITE B, Houston, TX 77030","$430,000",Townhouse,2 ,"2,195",77.0,63.0,77.0,77030
771,"8536 Dairy View Ln, Houston, TX 77072","$185,000",Townhouse,3 ,"1,566",42.0,41.0,43.0,77072
773,"8723 Bryam St, Houston, TX 77061","$254,900",Townhouse,3 ,"2,025",33.0,36.0,34.0,77061
774,"2823 Albany St, Houston, TX 77006","$497,900",Townhouse,3 ,"2,591",91.0,71.0,69.0,77006
775,"2533 Calumet St, Houston, TX 77004","$410,000",Townhouse,3 ,"2,060",60.0,48.0,78.0,77004
776,"9117 Imogene St 117, Houston, TX 77036","$120,000",Townhouse,2 ,980,50.0,45.0,41.0,77036
777,"215 Riley Ln, Houston, TX 77003","$380,000",Townhouse,3 ,"2,039",67.0,69.0,76.0,77003
778,"7018 Woodridge Square Dr, Houston, TX 77087","$234,900",Townhouse,2 ,"1,448",74.0,34.0,51.0,77087
779,"8800 Woodway Dr APT 8, Houston, TX 77063","$849,500",Townhouse,3 ,"5,450",48.0,46.0,44.0,77063
780,"2818 Capitol St, Houston, TX 77003","$435,000",Townhouse,3 ,"2,185",62.0,64.0,83.0,77003
781,"727 Bunker Hill Rd APT 104, Houston, TX 77024","$500,000",Townhouse,4 ,"2,632",41.0,31.0,56.0,77024
782,"12984 Greenway Chase Ct 2984, Houston, TX 77072","$165,900",Townhouse,2 ,"1,803",61.0,38.0,47.0,77072
783,"606 W Pierce St, Houston, TX 77019","$524,000",Townhouse,3 ,"2,717",85.0,56.0,66.0,77019
785,"2865 Westhollow Dr UNIT 107, Houston, TX 77082","$290,000",Townhouse,4 ,"2,583",39.0,38.0,38.0,77082
787,"7575 Cambridge St APT 1703, Houston, TX 77054","$162,000",Townhouse,1 ,"1,192",40.0,51.0,66.0,77054
788,"721 Delano St, Houston, TX 77003","$489,500",Townhouse,3 ,"2,811",62.0,64.0,83.0,77003
790,"1614 Norfolk St APT B, Houston, TX 77006","$679,900",Townhouse,3 ,"2,822",83.0,52.0,64.0,77006
791,"2601 Augusta Dr APT 13, Houston, TX 77057","$219,000",Townhouse,2 ,"1,254",83.0,49.0,50.0,77057
792,"5914 Kirby Dr, Houston, TX 77005","$675,000",Townhouse,3 ,"2,385",88.0,46.0,72.0,77005
793,"13070 Trail Hollow Dr 7, Houston, TX 77079","$299,999",Townhouse,4 ,"2,274",57.0,34.0,46.0,77079
794,"3972 Belle Park Dr, Houston, TX 77072","$139,000",Townhouse,2 ,"1,380",29.0,27.0,38.0,77072
795,"9850 Pagewood Ln APT 107, Houston, TX 77042","$179,800",Townhouse,2 ,"1,520",59.0,49.0,53.0,77042
796,"14422 Mooreview Ln, Houston, TX 77014","$217,000",Townhouse,3 ,"1,522",51.0,29.0,40.0,77014
797,"2911 Meadowglen Crst, Houston, TX 77082","$297,000",Townhouse,4 ,"2,328",59.0,47.0,45.0,77082
798,"201 Vanderpool Ln APT 137, Houston, TX 77024","$729,900",Townhouse,3 ,"3,726",49.0,41.0,32.0,77024
799,"3300 Taft St UNIT B, Houston, TX 77006","$605,000",Townhouse,3 ,"3,150",90.0,65.0,77.0,77006
800,"2513 Potomac Dr UNIT B, Houston, TX 77057","$580,000",Townhouse,3 ,"2,126",74.0,50.0,59.0,77057
801,"727 Bunker Hill Rd APT 112, Houston, TX 77024","$315,000",Townhouse,3 ,"2,016",41.0,31.0,56.0,77024
802,"5615 Winsome Ln UNIT C, Houston, TX 77057","$469,000",Townhouse,4 ,"2,996",74.0,51.0,51.0,77057
803,"15600 Barkers Landing Rd APT 12, Houston, TX 77079","$650,000",Townhouse,3 ,"3,411",38.0,27.0,60.0,77079
805,"48 Milan Ests, Houston, TX 77056","$560,000",Townhouse,3 ,"2,494",80.0,53.0,58.0,77056
807,"1614-1614 Norfolk St A, Houston, TX 77006","$819,000",Townhouse,3 ,"3,337",83.0,52.0,64.0,77006
808,"8314 Lamond Ln, Houston, TX 77095","$242,000",Townhouse,3 ,"1,637",29.0,0.0,36.0,77095
809,"7834 Windward Passage St, Houston, TX 77072","$195,000",Townhouse,4 ,"1,412",23.0,41.0,32.0,77072
810,"6200 W Tidwell Rd APT 2103, Houston, TX 77092","$70,000",Townhouse,2 ,"1,133",30.0,37.0,35.0,77092
811,"506 Anita St, Houston, TX 77006","$899,900",Townhouse,2 ,"2,921",92.0,74.0,70.0,77006
813,"5917 Valley Forge Dr APT C, Houston, TX 77057","$525,000",Townhouse,3 ,"2,800",66.0,38.0,52.0,77057
814,"5807 Valley Forge Dr 97, Houston, TX 77057","$500,000",Townhouse,3 ,"1,722",65.0,39.0,51.0,77057
815,"2206 Potomac Dr C, Houston, TX 77057","$550,000",Townhouse,3 ,"2,581",75.0,44.0,50.0,77057
816,"8638 Oakford Dr, Houston, TX 77024","$679,990",Townhouse,3 ,"3,011",35.0,56.0,49.0,77024
817,"456 Wilcrest Dr, Houston, TX 77042","$229,000",Townhouse,2 ,"1,740",19.0,29.0,50.0,77042
818,"6514 Minola St, Houston, TX 77007","$850,000",Townhouse,4 ,"3,244",55.0,39.0,50.0,77007
819,"1608 W Webster St UNIT B, Houston, TX 77019","$575,000",Townhouse,3 ,"2,674",85.0,70.0,64.0,77019
820,"144 Sugarberry Cir, Houston, TX 77024","$549,000",Townhouse,3 ,"3,030",19.0,32.0,25.0,77024
821,"7414 Mount St, Houston, TX 77088","$230,000",Townhouse,3 ,"1,669",30.0,41.0,39.0,77088
822,"201 Vanderpool Ln APT 124, Houston, TX 77024","$553,900",Townhouse,4 ,"2,760",49.0,41.0,32.0,77024
823,"2020 Mason St, Houston, TX 77006","$495,000",Townhouse,3 ,"2,193",87.0,67.0,68.0,77006
824,"542 Bomar St, Houston, TX 77006","$525,000",Townhouse,3 ,"2,280",87.0,57.0,69.0,77006
825,"17 Robita St, Houston, TX 77019","$749,000",Townhouse,3 ,"3,298",70.0,60.0,78.0,77019
826,"1716 S Gessner Rd, Houston, TX 77063","$323,000",Townhouse,2 ,"2,002",44.0,43.0,47.0,77063
827,"2012 Rosedale St APT B, Houston, TX 77004","$499,000",Townhouse,3 ,"2,982",73.0,58.0,65.0,77004
828,"2100 Wilcrest Dr APT 132, Houston, TX 77042","$138,000",Townhouse,2 ,"1,200",62.0,42.0,62.0,77042
829,"605 W Polk St A, Houston, TX 77019","$546,186",Townhouse,3 ,"2,494",84.0,54.0,62.0,77019
830,"7410 Mount St, Houston, TX 77088","$230,000",Townhouse,3 ,"1,669",30.0,41.0,39.0,77088
832,"7267 Cook Rd, Houston, TX 77072","$145,000",Townhouse,2 ,992,48.0,39.0,40.0,77072
833,"9031 Briar Forest Dr, Houston, TX 77024","$570,000",Townhouse,3 ,"2,684",19.0,34.0,16.0,77024
834,"603-603 Link Rd G, Houston, TX 77009","$409,900",Townhouse,3 ,"1,805",72.0,55.0,80.0,77009
838,"5000 Longmont Dr APT 9, Houston, TX 77056","$875,000",Townhouse,3 ,"3,053",69.0,45.0,53.0,77056
839,"2626 W Tidwell Rd B, Houston, TX 77091","$339,000",Townhouse,3 ,"1,642",9.0,30.0,30.0,77091
840,"5907 Winsome Ln E, Houston, TX 77057","$855,000",Townhouse,3 ,"3,108",85.0,50.0,64.0,77057
841,"4101 Maggie St 8, Houston, TX 77051","$350,000",Townhouse,3 ,"1,780",50.0,45.0,50.0,77051
842,"4101 Maggie St 6, Houston, TX 77051","$350,000",Townhouse,3 ,"1,780",50.0,45.0,50.0,77051
844,"1917 Potomac Dr UNIT C, Houston, TX 77057","$825,000",Townhouse,3 ,"3,556",75.0,35.0,50.0,77057
845,"4216 Spencer St, Houston, TX 77007","$545,000",Townhouse,3 ,"2,001",78.0,48.0,66.0,77007
847,"1701 Upland Dr APT 150, Houston, TX 77043","$1,000,000",Townhouse,2 ,"1,210",25.0,29.0,48.0,77043
848,"1701 Upland Dr APT 148, Houston, TX 77043","$1,000,000",Townhouse,2 ,"1,210",25.0,29.0,48.0,77043
850,"638 Wilcrest Dr, Houston, TX 77042","$247,000",Townhouse,2 ,"1,740",40.0,28.0,50.0,77042
851,"13687 Garden Grove Ct, Houston, TX 77082","$260,000",Townhouse,3 ,"2,079",26.0,35.0,37.0,77082
852,"8055 Cambridge St APT 35, Houston, TX 77054","$145,000",Townhouse,2 ,888,46.0,49.0,87.0,77054
853,"12255 Sharpview Dr 205, Houston, TX 77072","$150,000",Townhouse,3 ,"1,136",55.0,38.0,42.0,77072
855,"6122 W Airport Blvd, Houston, TX 77035","$158,000",Townhouse,2 ,"1,296",19.0,40.0,43.0,77035
857,"11000 Kinghurst Dr UNIT 106, Houston, TX 77099","$68,950",Townhouse,2 ,"1,008",31.0,26.0,45.0,77099
858,"2421 Potomac Dr UNIT C, Houston, TX 77057","$435,000",Townhouse,3 ,"2,113",74.0,50.0,59.0,77057
859,"2209 Sandman St, Houston, TX 77007","$449,000",Townhouse,3 ,"2,452",73.0,39.0,68.0,77007
861,"5625 Antoine Dr 309, Houston, TX 77092","$64,900",Townhouse,2 ,"1,131",58.0,40.0,49.0,77092
862,"7901 Cambridge St APT 23, Houston, TX 77054","$125,000",Townhouse,1 ,627,40.0,50.0,86.0,77054
863,"3433 Westheimer Rd PENTHOUSE 19W, Houston, TX 77027","$6,900,000",Condominium,4 ,"6,200",69.0,48.0,48.0,77027
864,"5150 Hidalgo St UNIT 304, Houston, TX 77056","$310,000",Condominium,2 ,"1,427",76.0,54.0,50.0,77056
865,"9350 Country Creek Dr APT 50, Houston, TX 77036","$64,500",Townhouse,1 ,684,71.0,42.0,48.0,77036
866,"9797 Leawood Blvd APT 705, Houston, TX 77099","$89,900",Townhouse,2 ,"1,068",66.0,39.0,41.0,77099
867,"10211 Sugar Branch Dr APT 410, Houston, TX 77036","$100,000",Townhouse,2 ,"1,002",46.0,43.0,42.0,77036
868,"909 Silber Rd APT 24D, Houston, TX 77024","$110,000",Townhouse,1 ,594,56.0,50.0,49.0,77024
869,"8100 Creekbend Dr APT 161, Houston, TX 77071","$69,000",Townhouse,2 ,937,37.0,41.0,41.0,77071
870,"101 Stratford St APT 207, Houston, TX 77006","$186,500",Townhouse,2 ,868,91.0,73.0,69.0,77006
871,"2001 Bering Dr APT 15G, Houston, TX 77057","$165,000",Townhouse,1 ,957,55.0,45.0,48.0,77057
872,"1409 Post Oak Blvd UNIT 2204, Houston, TX 77056","$1,199,500",Condominium,3 ,"2,826",87.0,48.0,50.0,77056
873,"17230 Imperial Valley Dr APT 70, Houston, TX 77060","$105,000",Townhouse,2 ,"1,276",62.0,53.0,68.0,77060
874,"8100 Creekbend Dr APT 101, Houston, TX 77071","$89,000",Townhouse,3 ,"1,182",37.0,41.0,41.0,77071
875,"3350 McCue Rd APT 1002, Houston, TX 77056","$399,000",Condominium,2 ,"1,955",64.0,54.0,45.0,77056
876,"781 Country Place Dr APT 1019, Houston, TX 77079","$135,000",Townhouse,3 ,"1,764",79.0,27.0,50.0,77079
877,"5625 Antoine Dr APT 606, Houston, TX 77091","$49,995",Townhouse,1 ,725,58.0,40.0,49.0,77091
879,"1717 W Webster St UNIT E, Houston, TX 77019","$675,000",Townhouse,3 ,"2,719",87.0,66.0,66.0,77019
880,"3505 Sage Rd UNIT 602, Houston, TX 77056","$350,000",Condominium,2 ,"1,357",64.0,55.0,47.0,77056
881,"5200 Weslayan St APT A314, Houston, TX 77005","$239,000",Townhouse,2 ,"1,080",83.0,45.0,64.0,77005
882,"2400 N Braeswood Blvd APT 109, Houston, TX 77030","$259,000",Townhouse,2 ,"2,264",73.0,56.0,88.0,77030
883,"4336 Center St, Houston, TX 77007","$380,000",Townhouse,3 ,"1,942",77.0,49.0,58.0,77007
884,"1403 Blalock Rd APT 1, Houston, TX 77055","$139,900",Townhouse,2 ,"1,276",67.0,35.0,67.0,77055
885,"2300 Old Spanish Trl APT 2083, Houston, TX 77054","$159,900",Townhouse,1 ,907,50.0,49.0,63.0,77054
886,"2230 S Piney Point Rd APT 221, Houston, TX 77063","$140,000",Townhouse,1 ,611,39.0,46.0,36.0,77063
887,"12633 Memorial Dr APT 131, Houston, TX 77024","$229,000",Townhouse,3 ,"1,152",32.0,37.0,35.0,77024
888,"2205 McKinney St APT 403, Houston, TX 77003","$199,000",Condominium,1 ,789,82.0,88.0,70.0,77003
889,"4200 Watson St APT 201, Houston, TX 77009","$200,000",Townhouse,1 ,663,72.0,49.0,57.0,77009
891,"16800 Sugar Pine Dr APT D28, Houston, TX 77090","$149,000",Townhouse,2 ,"1,476",48.0,32.0,41.0,77090
895,"11201 Lynbrook Dr APT 3508, Houston, TX 77042","$149,500",Townhouse,2 ,"1,108",53.0,35.0,57.0,77042
896,"8055 Cambridge St APT 63, Houston, TX 77054","$137,700",Townhouse,2 ,975,46.0,49.0,87.0,77054
897,"7555 Katy Fwy APT 135, Houston, TX 77024","$156,000",Townhouse,1 ,925,38.0,58.0,45.0,77024
899,"2216 Chenevert St UNIT 11, Houston, TX 77003","$254,900",Townhouse,2 ,"1,517",73.0,73.0,63.0,77003
900,"8100 Leonora St APT N5, Houston, TX 77061","$70,000",Townhouse,2 ,"1,431",66.0,49.0,56.0,77061
902,"5001 Woodway Dr UNIT 404, Houston, TX 77056","$600,000",Condominium,3 ,"1,924",48.0,44.0,47.0,77056
903,"10001 Westpark Dr APT 67, Houston, TX 77042","$109,995",Townhouse,2 ,"1,052",81.0,47.0,54.0,77042
904,"1111 Bering Dr UNIT 1303A, Houston, TX 77057","$549,000",Condominium,3 ,"3,494",72.0,38.0,63.0,77057
905,"7555 Katy Fwy APT 136, Houston, TX 77024","$145,000",Townhouse,1 ,"1,018",38.0,58.0,45.0,77024
906,"1921 Stoney Brook Dr, Houston, TX 77063","$289,990",Townhouse,3 ,"2,044",73.0,36.0,50.0,77063
907,"2000 Bagby St APT 9413, Houston, TX 77002","$300,000",Condominium,1 ,"1,346",89.0,83.0,56.0,77002
908,"3809 N Braeswood Blvd APT 14, Houston, TX 77025","$175,000",Townhouse,2 ,"1,216",55.0,42.0,73.0,77025
909,"6161 Reims Rd APT 920, Houston, TX 77036","$90,000",Townhouse,2 ,876,64.0,45.0,51.0,77036
910,"2929 Buffalo Speedway A108, Houston, TX 77098","$399,000",Condominium,2 ,"2,834",85.0,53.0,52.0,77098
911,"14777 Wunderlich Dr APT 708, Houston, TX 77069","$145,000",Townhouse,1 ,"1,055",29.0,18.0,35.0,77069
912,"8034 Antoine Dr APT 130, Houston, TX 77088","$72,995",Townhouse,2 ,"1,002",41.0,35.0,39.0,77088
913,"1211 Caroline St 808, Houston, TX 77002","$459,900",Townhouse,2 ,989,90.0,88.0,64.0,77002
914,"515 Tallowood Rd UNIT 63, Houston, TX 77024","$285,000",Townhouse,3 ,"1,440",61.0,43.0,51.0,77024
915,"6500 Harbor Town Dr APT 3106, Houston, TX 77036","$120,000",Townhouse,2 ,"1,108",27.0,49.0,42.0,77036
916,"3231 Allen Pkwy APT 1106, Houston, TX 77019","$218,900",Townhouse,1 ,580,81.0,53.0,92.0,77019
917,"1111 Bering Dr UNIT 1102, Houston, TX 77057","$314,999",Condominium,2 ,"1,452",66.0,40.0,54.0,77057
918,"2814 S Bartell Dr APT 211, Houston, TX 77054","$74,900",Townhouse,1 ,700,52.0,35.0,45.0,77054
919,"811 Lovett Blvd APT 12, Houston, TX 77006","$345,000",Townhouse,2 ,"1,275",93.0,60.0,77.0,77006
920,"201 W Rosamond St APT 3, Houston, TX 77076","$99,000",Townhouse,2 ,864,51.0,41.0,37.0,77076
921,"3302 Audley St SUITE 122, Houston, TX 77098","$399,000",Townhouse,2 ,"1,608",86.0,54.0,56.0,77098
922,"1409 Chardonnay Dr, Houston, TX 77077","$150,000",Townhouse,3 ,"1,941",23.0,32.0,54.0,77077
923,"10555 Turtlewood Ct UNIT 1907, Houston, TX 77072","$145,000",Townhouse,2 ,946,46.0,43.0,60.0,77072
924,"1010 Rosine St APT 306, Houston, TX 77019","$330,000",Condominium,2 ,"1,300",86.0,52.0,76.0,77019
925,"1515 Sandy Springs Rd 2801, Houston, TX 77042","$139,900",Townhouse,1 ,893,58.0,32.0,57.0,77042
926,"2216 Chenevert St UNIT 9, Houston, TX 77003","$234,995",Townhouse,2 ,"1,655",73.0,73.0,63.0,77003
927,"2300 Augusta Dr APT 15, Houston, TX 77057","$175,000",Townhouse,2 ,"1,028",82.0,47.0,50.0,77057
928,"2111 Welch St APT A211, Houston, TX 77019","$337,900",Townhouse,2 ,"1,252",79.0,48.0,60.0,77019
930,"515 Tallowood Rd UNIT 51, Houston, TX 77024","$309,000",Townhouse,3 ,"1,440",61.0,43.0,51.0,77024
931,"2626 Holly Hall St APT 506, Houston, TX 77054","$91,000",Townhouse,1 ,664,52.0,41.0,73.0,77054
932,"2826 S Bartell Dr APT 34, Houston, TX 77054","$87,500",Townhouse,2 ,825,59.0,38.0,46.0,77054
934,"2200 Willowick Rd UNIT 10K, Houston, TX 77027","$325,000",Condominium,1 ,"1,025",74.0,46.0,50.0,77027
935,"2001 Holcombe Blvd UNIT 3505, Houston, TX 77030","$525,000",Condominium,2 ,"1,250",47.0,59.0,88.0,77030
936,"3075 Walnut Bend Ln APT 38, Houston, TX 77042","$95,000",Townhouse,2 ,765,60.0,48.0,46.0,77042
937,"3525 Sage Rd APT 802, Houston, TX 77056","$177,990",Condominium,1 ,794,61.0,55.0,47.0,77056
938,"2520 Houston Ave 602A, Houston, TX 77009","$849,000",Condominium,2 ,"1,793",64.0,55.0,66.0,77009
939,"1701 Hermann Dr 34L, Houston, TX 77004","$1,119,000",Condominium,3 ,"2,082",56.0,61.0,72.0,77004
940,"2700 Albany St APT 2C, Houston, TX 77006","$350,000",Condominium,1 ,800,89.0,71.0,67.0,77006
941,"705 Main St UNIT 303, Houston, TX 77002","$205,000",Condominium,1 ,784,99.0,88.0,64.0,77002
942,"2800 Jeanetta St APT 704, Houston, TX 77063","$92,500",Townhouse,1 ,640,52.0,51.0,47.0,77063
943,"2121 Hepburn St APT 719, Houston, TX 77054","$97,900",Townhouse,1 ,680,45.0,44.0,75.0,77054
944,"3525 Sage Rd APT 616, Houston, TX 77056","$230,000",Condominium,2 ,"1,095",61.0,55.0,47.0,77056
945,"9568 Windswept Ln, Houston, TX 77063","$157,000",Townhouse,3 ,"1,402",66.0,48.0,44.0,77063
946,"5005 Hidalgo St UNIT 602, Houston, TX 77056","$1,195,000",Condominium,3 ,"3,308",78.0,54.0,60.0,77056
947,"1901 Post Oak Blvd APT 3406, Houston, TX 77056","$249,900",Condominium,1 ,982,89.0,52.0,50.0,77056
948,"1100 Uptown Park Blvd UNIT 244, Houston, TX 77056","$2,200,000",Condominium,3 ,"4,885",66.0,46.0,49.0,77056
950,"6200 W Tidwell Rd APT 402, Houston, TX 77092","$80,000",Townhouse,2 ,"1,133",30.0,37.0,35.0,77092
951,"5220 Weslayan St, Houston, TX 77005","$226,750",Townhouse,2 ,"1,080",83.0,45.0,64.0,77005
952,"15 Greenway Plz UNIT 6C, Houston, TX 77046","$370,000",Condominium,2 ,"1,262",82.0,46.0,57.0,77046
953,"3218 Holly Hall St 3218, Houston, TX 77054","$198,000",Townhouse,2 ,"1,600",37.0,39.0,58.0,77054
954,"3525 Sage Rd APT 318, Houston, TX 77056","$175,000",Condominium,1 ,776,61.0,55.0,47.0,77056
955,"9700 Leawood Blvd 8/807, Houston, TX 77099","$75,000",Townhouse,1 ,776,62.0,39.0,41.0,77099
956,"8405 Wilcrest Dr APT 1603, Houston, TX 77072","$70,000",Condominium,2 ,834,43.0,44.0,41.0,77072
957,"2625 Marilee Ln APT 2, Houston, TX 77057","$139,900",Townhouse,2 ,916,69.0,50.0,50.0,77057
958,"6804 Westview Dr 2408, Houston, TX 77055","$449,771",Condominium,2 ,"1,702",54.0,41.0,54.0,77055
959,"9400 Bellaire Blvd UNIT 203, Houston, TX 77036","$228,800",Townhouse,2 ,"1,062",79.0,44.0,63.0,77036
960,"1409 Post Oak Blvd UNIT 2301, Houston, TX 77056","$1,550,000",Condominium,4 ,"3,079",87.0,48.0,50.0,77056
961,"1111 Caroline St APT 2814, Houston, TX 77010","$450,000",Condominium,1 ,972,91.0,100.0,77.0,77010
962,"5150 Hidalgo St UNIT 1004, Houston, TX 77056","$350,000",Condominium,2 ,"1,427",76.0,54.0,50.0,77056
963,"2200 Willowick Rd UNIT 11F, Houston, TX 77027","$369,000",Condominium,1 ,"1,025",74.0,46.0,50.0,77027
964,"12500 Sandpiper Dr APT 34, Houston, TX 77035","$75,000",Townhouse,2 ,966,49.0,41.0,43.0,77035
965,"9700 Leawood Blvd APT 1411, Houston, TX 77099","$96,500",Townhouse,2 ,"1,068",62.0,39.0,41.0,77099
966,"2300 Old Spanish Trl APT 2066, Houston, TX 77054","$155,000",Townhouse,1 ,838,50.0,49.0,63.0,77054
967,"6200 W Tidwell Rd APT 2708, Houston, TX 77092","$83,000",Townhouse,3 ,"1,373",30.0,37.0,35.0,77092
968,"3388 Sage Rd UNIT 902, Houston, TX 77056","$650,000",Condominium,3 ,"2,155",69.0,55.0,50.0,77056
969,"5801 Winsome Ln UNIT 202, Houston, TX 77057","$244,000",Townhouse,1 ,"1,317",83.0,51.0,50.0,77057
970,"5925 Almeda Rd UNIT 12908, Houston, TX 77004","$649,000",Condominium,3 ,"1,836",66.0,52.0,69.0,77004
971,"3505 Sage Rd UNIT 2309, Houston, TX 77056","$346,300",Condominium,2 ,"1,422",64.0,55.0,47.0,77056
972,"5532 Beverlyhill St APT 2, Houston, TX 77056","$275,000",Townhouse,2 ,"1,428",79.0,53.0,48.0,77056
973,"4950 Woodway Dr UNIT 406, Houston, TX 77056","$395,000",Condominium,2 ,"2,031",45.0,43.0,46.0,77056
974,"5150 Hidalgo St UNIT 904, Houston, TX 77056","$325,000",Condominium,2 ,"1,427",76.0,54.0,50.0,77056
975,"1901 S Voss Rd APT 33, Houston, TX 77057","$210,000",Townhouse,2 ,"1,156",82.0,33.0,50.0,77057
977,"6804 Westview Dr 1403, Houston, TX 77055","$430,860",Condominium,2 ,"1,869",54.0,41.0,54.0,77055
978,"3600 Jeanetta St APT 105, Houston, TX 77063","$180,000",Townhouse,2 ,"1,036",68.0,42.0,53.0,77063
979,"1901 Post Oak Blvd APT 508, Houston, TX 77056","$354,900",Condominium,1 ,"1,137",89.0,52.0,50.0,77056
980,"3505 Sage Rd UNIT 102, Houston, TX 77056","$289,900",Condominium,2 ,"1,357",64.0,55.0,47.0,77056
981,"2727 Kirby Dr APT 16C, Houston, TX 77098","$1,300,000",Condominium,2 ,"1,835",93.0,53.0,57.0,77098
982,"2727 Kirby Dr 18I, Houston, TX 77098","$3,500,000",Condominium,3 ,"4,427",93.0,53.0,57.0,77098
983,"6955 Turtlewood Dr 515, Houston, TX 77072","$346,500",Townhouse,2 ,918,59.0,41.0,67.0,77072
984,"6804 Westview Dr 1301, Houston, TX 77055","$410,196",Condominium,2 ,"1,702",54.0,41.0,54.0,77055
985,"3525 Sage Rd APT 1110, Houston, TX 77056","$239,000",Condominium,2 ,"1,095",61.0,55.0,47.0,77056
986,"7134 Mapleridge St UNIT 3E, Houston, TX 77081","$268,000",Condominium,2 ,"1,379",81.0,51.0,53.0,77081
987,"9700 Leawood Blvd 1/104, Houston, TX 77099","$73,500",Townhouse,1 ,776,62.0,39.0,41.0,77099
988,"1711 Old Spanish Trl APT 335, Houston, TX 77054","$285,000",Condominium,2 ,"1,293",67.0,69.0,69.0,77054
989,"5150 Hidalgo St UNIT 405, Houston, TX 77056","$399,000",Condominium,2 ,"1,449",76.0,54.0,50.0,77056
990,"3525 Sage Rd APT 716, Houston, TX 77056","$245,000",Condominium,2 ,"1,095",61.0,55.0,47.0,77056
991,"6804 Westview Dr 1305, Houston, TX 77055","$412,963",Condominium,2 ,"1,529",54.0,41.0,54.0,77055
992,"1409 Post Oak Blvd 1304, Houston, TX 77056","$1,235,000",Condominium,3 ,"2,826",87.0,48.0,50.0,77056
993,"201 W Rosamond St APT 25, Houston, TX 77076","$99,000",Townhouse,1 ,864,51.0,41.0,37.0,77076
994,"1600 Post Oak Blvd UNIT 1302, Houston, TX 77056","$614,900",Condominium,2 ,"1,502",90.0,49.0,50.0,77056
995,"3350 McCue Rd 702, Houston, TX 77056","$379,000",Condominium,2 ,"1,955",64.0,54.0,45.0,77056
996,"15 Greenway Plz UNIT 11F, Houston, TX 77046","$395,000",Condominium,2 ,"1,681",82.0,46.0,57.0,77046
997,"49 Briar Hollow Ln UNIT 206, Houston, TX 77027","$639,000",Condominium,2 ,"1,753",58.0,34.0,56.0,77027
998,"6955 Turtlewood Dr 105, Houston, TX 77072","$378,000",Condominium,2 ,"1,210",59.0,41.0,67.0,77072
999,"9400 Bellaire Blvd UNIT 205, Houston, TX 77036","$229,900",Townhouse,2 ,"1,062",79.0,44.0,63.0,77036
1000,"201 W Rosamond St APT 55, Houston, TX 77076","$99,000",Townhouse,1 ,864,51.0,41.0,37.0,77076
1001,"201 W Rosamond St APT 13, Houston, TX 77076","$151,200",Townhouse,3 ,"1,320",51.0,41.0,37.0,77076
1002,"3525 Sage Rd APT 606, Houston, TX 77056","$172,000",Condominium,1 ,834,61.0,55.0,47.0,77056
1003,"3525 Sage Rd APT 607, Houston, TX 77056","$183,000",Condominium,1 ,834,61.0,55.0,47.0,77056
1005,"2240 Mimosa Dr PENTHOUSE 8E, Houston, TX 77019","$4,950,000",Condominium,3 ,"3,464",70.0,48.0,56.0,77019
1006,"2710 Steel St 605, Houston, TX 77098","$2,250,000",Condominium,2 ,"2,702",92.0,53.0,57.0,77098
1007,"5001 Woodway Dr UNIT 606, Houston, TX 77056","$475,000",Condominium,2 ,"1,534",48.0,44.0,47.0,77056
1008,"2240 Mimosa Dr 5E, Houston, TX 77019","$3,080,000",Condominium,3 ,"3,204",70.0,48.0,56.0,77019
1009,"2323 San Felipe St 1001, Houston, TX 77019","$2,300,000",Condominium,3 ,"3,014",70.0,48.0,56.0,77019
1010,"5656 San Felipe St 505, Houston, TX 77056","$1,695,000",Condominium,3 ,"2,166",72.0,42.0,57.0,77056
1011,"3100 Walnut Bend Ln APT 124, Houston, TX 77042","$118,000",Townhouse,1 ,"1,012",53.0,47.0,47.0,77042
1012,"2016 Main St 2601, Houston, TX 77002","$399,900",Condominium,3 ,"3,885",91.0,84.0,64.0,77002
1013,"5625 Antoine Dr 1203, Houston, TX 77092","$79,000",Townhouse,2 ,"1,025",58.0,40.0,49.0,77092
1014,"7901 Cambridge St APT 92, Houston, TX 77054","$125,000",Townhouse,1 ,627,40.0,50.0,86.0,77054
1015,"8100 Creekbend Dr APT 175, Houston, TX 77071","$75,000",Townhouse,2 ,937,37.0,41.0,41.0,77071
1017,"2750 Holly Hall St APT 1408, Houston, TX 77054","$135,000",Townhouse,2 ,952,39.0,38.0,60.0,77054
1018,"16800 Sugar Pine Dr APT F45, Houston, TX 77090","$120,000",Townhouse,2 ,"1,074",48.0,32.0,41.0,77090
1019,"832 Wax Myrtle Ln, Houston, TX 77079","$295,000",Townhouse,4 ,"2,274",63.0,28.0,52.0,77079
243,"316 N Stiles St, Houston, TX 77011","$390,000",Duplex,3 ,"1,953",50.0,50.0,50.0,77011
251,"14859 Perthshire Rd, Houston, TX 77079","$575,000",Single family residence,4 ,"2,762",50.0,50.0,50.0,77079
254,"4006 Essex Ln, Houston, TX 77027","$3,595,000",Single family residence,5 ,"5,300",50.0,50.0,50.0,77027
256,"903 Lehman St B, Houston, TX 77018","$434,900",Single family residence,3 ,"1,857",50.0,50.0,50.0,77018
258,"1135 Cimarron St, Houston, TX 77015","$169,900",Single family residence,3 ,"2,011",50.0,50.0,50.0,77015
265,"1418 Amber Knoll Ct, Houston, TX 77062","$299,900",Single family residence,3 ,"1,948",50.0,50.0,50.0,77062
275,"4702 Rolling View Ct, Kingwood, TX 77345","$349,900",Single family residence,4 ,"3,029",50.0,50.0,50.0,77345
277,"11202 Waxwing St, Houston, TX 77035","$395,000",Duplex,2 ,"2,396",50.0,50.0,50.0,77035
283,"150 Hohldale St, Houston, TX 77022","$360,000",Quadruplex,6 ,"2,822",50.0,50.0,50.0,77022
284,"3307 Broadway St 1, Houston, TX 77017","$500,000",Multi family,10 ,"4,192",50.0,50.0,50.0,77017
294,"1724 Chapman St, Houston, TX 77009","$259,000",Duplex,3 ,"1,410",50.0,50.0,50.0,77009
303,"1235 W Gray St, Houston, TX 77019","$685,000",Quadruplex,1 ,"2,738",50.0,50.0,50.0,77019
307,"2521 Sadler St, Houston, TX 77093","$350,000",Multi family,3 ,936,50.0,50.0,50.0,77093
315,"3551 Ozark St, Houston, TX 77021","$750,000",Duplex,-- ,"3,538",50.0,50.0,50.0,77021
317,"213 Super St, Houston, TX 77011","$850,000",Multi family,2 ,"3,000",50.0,50.0,50.0,77011
327,"1905 Chapman St, Houston, TX 77009","$650,000",Triplex,4 ,"1,410",50.0,50.0,50.0,77009
328,"4316 Jack St, Houston, TX 77006","$850,000",Duplex,2 ,"2,300",50.0,50.0,50.0,77006
345,"4270 Belle Park Dr, Houston, TX 77072","$140,000",Townhouse,3 ,"1,500",50.0,50.0,50.0,77072
352,"834 E 29th St, Houston, TX 77009","$479,000",Single family residence,3 ,"2,026",50.0,50.0,50.0,77009
357,"912 Northwood St, Houston, TX 77009","$599,000",Single family residence,3 ,"2,296",50.0,50.0,50.0,77009
362,"14535 County Cress Dr, Houston, TX 77047","$240,000",Single family residence,3 ,"2,244",50.0,50.0,50.0,77047
365,"933 Marcolin St, Houston, TX 77088","$269,900",Single family residence,3 ,"1,750",50.0,50.0,50.0,77088
371,"806 W Heights Hollow Ln, Houston, TX 77007","$299,000",Townhouse,2 ,"1,240",50.0,50.0,50.0,77007
375,"2906 Brackenridge St, Houston, TX 77026","$175,000",Single family residence,4 ,"1,600",50.0,50.0,50.0,77026
381,"2816 Leeland St, Houston, TX 77003","$385,000",Townhouse,3 ,"1,752",50.0,50.0,50.0,77003
387,"12106 Attlee Dr, Houston, TX 77077","$460,000",Single family residence,4 ,"2,712",50.0,50.0,50.0,77077
395,"6965 Ardmore St, Houston, TX 77054","$319,900",Townhouse,3 ,"1,915",50.0,50.0,50.0,77054
402,"3110 Arbor St, Houston, TX 77004","$330,000",Single family residence,2 ,"1,624",50.0,50.0,50.0,77004
418,"12410 Skyview Star Ct, Houston, TX 77047","$299,000",Single family residence,3 ,"2,271",50.0,50.0,50.0,77047
424,"1542 Ainsdale Dr, Houston, TX 77077","$315,000",Single family residence,3 ,"1,739",50.0,50.0,50.0,77077
430,"2218 Del Monte Dr, Houston, TX 77019","$4,199,999",Single family residence,5 ,"6,722",50.0,50.0,50.0,77019
431,"7902 Parnell St B, Houston, TX 77051","$314,900",Single family residence,3 ,"1,966",50.0,50.0,50.0,77051
435,"1922 Hidden Creek Dr, Humble, TX 77339","$412,500",Single family residence,5 ,"2,867",50.0,50.0,50.0,77339
436,"2209 Arabelle St A, Houston, TX 77007","$485,000",Single family residence,3 ,"2,279",50.0,50.0,50.0,77007
437,"2327 Saint Emanuel St, Houston, TX 77004","$545,000",Single family residence,4 ,"2,800",50.0,50.0,50.0,77004
440,"7825 Pacific Pearl St, Houston, TX 77072","$195,000",Townhouse,3 ,"1,504",50.0,50.0,50.0,77072
446,"8410 Elrod St, Houston, TX 77017","$232,000",Duplex,6 ,"1,890",50.0,50.0,50.0,77017
450,"814 Fisher St, Houston, TX 77018","$549,500",Duplex,4 ,"2,064",50.0,50.0,50.0,77018
455,"3305 W Lamar St C, Houston, TX 77019","$449,000",Townhouse,3 ,"2,485",50.0,50.0,50.0,77019
460,"2124 Carter St, Houston, TX 77008","$300,000",Single family residence,1 ,563,50.0,50.0,50.0,77008
461,"3920 Inverness Dr, Houston, TX 77019","$12,999,000",Single family residence,6 ,"11,248",50.0,50.0,50.0,77019
463,"6125 Gehring St, Houston, TX 77021","$319,900",Townhouse,2 ,"2,041",50.0,50.0,50.0,77021
465,"8606 Dairy View Ln, Houston, TX 77072","$169,900",Townhouse,3 ,"1,566",50.0,50.0,50.0,77072
467,"10946 Bexley Dr 946, Houston, TX 77099","$186,666",Duplex,3 ,"1,517",50.0,50.0,50.0,77099
468,"3028 Prospect St, Houston, TX 77004","$325,000",Single family residence,3 ,"2,292",50.0,50.0,50.0,77004
480,"1122 Baymeadow Dr, Houston, TX 77062","$275,000",Single family residence,4 ,"2,086",50.0,50.0,50.0,77062
489,"5151 Denoron Dr, Houston, TX 77048","$189,500",Single family residence,3 ,"1,102",50.0,50.0,50.0,77048
496,"522 Lindale St, Houston, TX 77022","$165,000",Single family residence,3 ,900,50.0,50.0,50.0,77022
504,"1609 W 15th St, Houston, TX 77008","$524,999",Single family residence,3 ,"2,240",50.0,50.0,50.0,77008
507,"16714 Southern Oaks Dr, Houston, TX 77068","$2,000,000",Single family residence,4 ,"8,754",50.0,50.0,50.0,77068
512,"955 Reseda Dr, Houston, TX 77062","$247,800",Single family residence,3 ,"1,652",50.0,50.0,50.0,77062
523,"4646 Larkspur St, Houston, TX 77051","$379,000",Single family residence,4 ,"2,507",50.0,50.0,50.0,77051
529,"14919 James River Ln, Houston, TX 77084","$259,000",Single family residence,3 ,"1,975",50.0,50.0,50.0,77084
535,"2317 Wroxton Rd, Houston, TX 77005","$770,000",Single family residence,3 ,"1,857",50.0,50.0,50.0,77005
538,"14410 Providence Pine Trl, Houston, TX 77062","$323,000",Single family residence,4 ,"2,146",50.0,50.0,50.0,77062
542,"503 Timber Terrace Rd, Houston, TX 77024","$1,799,000",Single family residence,4 ,"4,628",50.0,50.0,50.0,77024
544,"340 W 17th St, Houston, TX 77008","$1,295,000",Single family residence,3 ,"2,622",50.0,50.0,50.0,77008
552,"1842 Palm St, Houston, TX 77004","$414,990",Single family residence,4 ,"2,607",50.0,50.0,50.0,77004
553,"2444 Charleston St UNIT C, Houston, TX 77021","$509,000",Single family residence,3 ,"2,436",50.0,50.0,50.0,77021
555,"919 Shirkmere Rd, Houston, TX 77008","$1,379,900",Single family residence,4 ,"3,974",50.0,50.0,50.0,77008
558,"11342 Oakcenter Dr, Houston, TX 77072","$200,000",Single family residence,3 ,"1,523",50.0,50.0,50.0,77072
560,"11903 Edgar St, Houston, TX 77047","$105,900",Ranch,3 ,"1,466",50.0,50.0,50.0,77047
565,"14022 White Heather Dr, Houston, TX 77045","$189,900",Single family residence,3 ,"1,480",50.0,50.0,50.0,77045
570,"2811 Creek Manor Dr, Humble, TX 77339","$315,000",Single family residence,4 ,"2,212",50.0,50.0,50.0,77339
579,"13802 Hambleton Dr, Houston, TX 77069","$462,000",Single family residence,4 ,"3,074",50.0,50.0,50.0,77069
581,"14907 Arvonshire Ct, Houston, TX 77049","$399,000",Single family residence,5 ,"3,395",50.0,50.0,50.0,77049
611,"10107 Burgoyne Rd, Houston, TX 77042","$649,900",Single family residence,3 ,"2,121",50.0,50.0,50.0,77042
617,"5715 Lycomb Dr, Houston, TX 77053","$196,000",Single family residence,3 ,"1,070",50.0,50.0,50.0,77053
626,"2143 River Village Dr, Humble, TX 77339","$249,000",Single family residence,3 ,"1,512",50.0,50.0,50.0,77339
632,"106 Robmore St, Houston, TX 77076","$295,000",Single family residence,4 ,"1,650",50.0,50.0,50.0,77076
634,"12111 Creekhurst Dr, Houston, TX 77099","$299,000",Single family residence,3 ,"2,309",50.0,50.0,50.0,77099
635,"4212 Old Spanish Trl, Houston, TX 77021","$324,900",Single family residence,3 ,"1,921",50.0,50.0,50.0,77021
636,"901 Lehman St B, Houston, TX 77018","$434,900",Single family residence,3 ,"1,857",50.0,50.0,50.0,77018
639,"809 Knox St, Houston, TX 77007","$775,000",Single family residence,4 ,"3,205",50.0,50.0,50.0,77007
651,"14244 Oak Chase Dr, Houston, TX 77062","$287,000",Single family residence,3 ,"1,540",50.0,50.0,50.0,77062
656,"10706 Carlota Ct, Houston, TX 77096","$448,880",Ranch,3 ,"1,800",50.0,50.0,50.0,77096
672,"412 W 26th St, Houston, TX 77008","$874,900",Single family residence,5 ,"3,328",50.0,50.0,50.0,77008
674,"204 Stratford St, Houston, TX 77006","$1,400,000",Single family residence,5 ,"3,409",50.0,50.0,50.0,77006
683,"5338 Hidalgo St, Houston, TX 77056","$619,999",Single family residence,3 ,"3,014",50.0,50.0,50.0,77056
693,"2507 Shakespeare St C, Houston, TX 77030","$897,000",Single family residence,3 ,"2,353",50.0,50.0,50.0,77030
700,"328 E 39th St, Houston, TX 77018","$575,000",Single family residence,3 ,"2,133",50.0,50.0,50.0,77018
717,"917 W 17th St UNIT C, Houston, TX 77008","$435,000",Single family residence,3 ,"2,258",50.0,50.0,50.0,77008
721,"3515 Shadowwalk Dr, Houston, TX 77082","$400,000",Single family residence,4 ,"2,767",50.0,50.0,50.0,77082
727,"903 Walton St, Houston, TX 77009","$590,000",Single family residence,3 ,"2,036",50.0,50.0,50.0,77009
732,"2296 Shadowdale Dr 307, Houston, TX 77043","$234,900",Townhouse,3 ,"2,138",50.0,50.0,50.0,77043
735,"6014 Fairdale Ln, Houston, TX 77057","$350,000",Townhouse,3 ,"2,159",50.0,50.0,50.0,77057
736,"3415 Stanford St, Houston, TX 77006","$489,000",Townhouse,3 ,"2,059",50.0,50.0,50.0,77006
737,"620 N Eldridge Pkwy 10, Houston, TX 77079","$348,000",Townhouse,2 ,"2,398",50.0,50.0,50.0,77079
739,"2307 Berry St, Houston, TX 77004","$475,000",Townhouse,3 ,"2,306",50.0,50.0,50.0,77004
743,"2514 Maxroy St, Houston, TX 77007","$399,000",Townhouse,3 ,"2,367",50.0,50.0,50.0,77007
746,"1421 Springrock Ln 6, Houston, TX 77055","$159,000",Townhouse,2 ,"1,024",50.0,50.0,50.0,77055
754,"5821 Sampley Way, Houston, TX 77092","$185,000",Townhouse,2 ,"1,568",50.0,50.0,50.0,77092
755,"11946 Ramla Place Trl, Houston, TX 77089","$240,000",Townhouse,3 ,"1,435",50.0,50.0,50.0,77089
761,"10600 S Gessner Dr 24, Houston, TX 77031","$84,999",Townhouse,2 ,"1,064",50.0,50.0,50.0,77031
763,"626 Augusta Dr 626, Houston, TX 77057","$335,000",Townhouse,2 ,"1,560",50.0,50.0,50.0,77057
767,"722 Augusta Dr, Houston, TX 77057","$285,000",Townhouse,3 ,"1,702",50.0,50.0,50.0,77057
772,"14146 Misty Meadow Ln, Houston, TX 77079","$310,000",Townhouse,3 ,"1,936",50.0,50.0,50.0,77079
784,"2911 Helena St, Houston, TX 77006","$635,000",Townhouse,3 ,"2,761",50.0,50.0,50.0,77006
786,"7797 Cook Rd, Houston, TX 77072","$129,900",Townhouse,2 ,"1,024",50.0,50.0,50.0,77072
789,"1122 Columbus St, Houston, TX 77019","$439,999",Townhouse,3 ,"2,197",50.0,50.0,50.0,77019
804,"1809 Hickory St, Houston, TX 77007","$465,000",Townhouse,3 ,"2,472",50.0,50.0,50.0,77007
806,"5857 Valley Forge Dr 110, Houston, TX 77057","$389,000",Townhouse,3 ,"1,872",50.0,50.0,50.0,77057
831,"5634 San Felipe St, Houston, TX 77056","$1,200,000",Townhouse,3 ,"4,147",50.0,50.0,50.0,77056
849,"2808 Elm Grove Ct, Humble, TX 77339","$205,000",Townhouse,3 ,"1,408",50.0,50.0,50.0,77339
854,"666 Wilcrest Dr, Houston, TX 77042","$179,999",Townhouse,2 ,"1,740",50.0,50.0,50.0,77042
856,"1347 Chardonnay Dr, Houston, TX 77077","$267,000",Townhouse,3 ,"2,068",50.0,50.0,50.0,77077
860,"8327 Nairn St, Houston, TX 77074","$122,000",Townhouse,3 ,"2,250",50.0,50.0,50.0,77074
878,"3600 Montrose Blvd 103/202, Houston, TX 77006","$329,000",Condominium,2 ,"1,480",50.0,50.0,50.0,77006
890,"11623 Lakeside Park Dr 72, Houston, TX 77077","$175,000",Townhouse,2 ,"1,812",50.0,50.0,50.0,77077
892,"8515 Hearth Dr APT 6, Houston, TX 77054","$110,000",Townhouse,2 ,"1,092",50.0,50.0,50.0,77054
893,"12550 Whittington Dr 4/408, Houston, TX 77077","$99,500",Townhouse,2 ,975,50.0,50.0,50.0,77077
929,"7828 Rue Carre St 31, Houston, TX 77074","$159,000",Townhouse,3 ,"1,247",50.0,50.0,50.0,77074
933,"2110 Wilcrest Dr APT 145, Houston, TX 77042","$105,000",Townhouse,1 ,780,50.0,50.0,50.0,77042
949,"2816 S Bartell Dr APT 5, Houston, TX 77054","$112,999",Townhouse,2 ,825,50.0,50.0,50.0,77054
1004,"2240 Mimosa Dr PENTHOUSE 7W, Houston, TX 77019","$4,495,000",Condominium,3 ,"4,346",50.0,50.0,50.0,77019
1016,"8787 Brae Acres Rd APT 824, Houston, TX 77074","$115,000",Townhouse,2 ,"1,090",50.0,50.0,50.0,77074
